,cust_id,income,credit_debt,balance_saved,spending_cred,tran_count_cred,spending_save,tran_count_save,spending_check,tran_count_check,spending_total,count_total
0,1362691,26150,0.0,0.0,0.0,0.0,0.0,0.0,0.0,0.0,0.0,0.0
1,1362487,6605,1548.23,12.89,-121.3230769230769,26.0,-109.02571428571427,7.0,-72.24249999999999,32.0,-302.5912912087912,65.0
2,1363160,18548,286.69,122.54,-116.60499999999996,52.0,-66.318,20.0,0.0,0.0,-182.92299999999994,72.0
3,1362752,47668,0.0,609.33,-188.8,10.0,0.0,0.0,-93.81074626865667,67.0,-282.61074626865667,77.0
4,1362548,44554,68.68,254.02,-312.02846153846156,13.0,0.0,0.0,-176.60412698412694,63.0,-488.6325885225885,76.0
5,1362813,15684,0.0,0.0,0.0,0.0,0.0,0.0,0.0,0.0,0.0,0.0
6,1363017,0,1000.0,2901.35,-111.2882,50.0,-79.14333333333333,6.0,-101.65354838709676,62.0,-292.0850817204301,118.0
7,1362609,1929,3000.0,49.39,-106.6353125,32.0,-179.89454545454547,11.0,-97.69740740740744,54.0,-384.22726536195296,97.0
8,1363486,39942,0.0,0.0,0.0,0.0,0.0,0.0,0.0,0.0,0.0,0.0
9,1363078,9622,1147.07,596.38,-120.50027777777778,36.0,-89.43499999999999,10.0,-53.23819672131152,61.0,-263.1734744990893,107.0
10,1363282,25829,272.69,0.0,-162.9191666666667,24.0,0.0,0.0,-62.663709677419384,62.0,-225.5828763440861,86.0
11,1363343,0,0.0,2007.65,0.0,0.0,-108.94933333333331,15.0,0.0,0.0,-108.94933333333331,15.0
12,1362527,17622,0.0,0.0,0.0,0.0,0.0,0.0,0.0,0.0,0.0,0.0
13,1362670,8877,0.0,0.0,0.0,0.0,0.0,0.0,-116.37827586206896,58.0,-116.37827586206896,58.0
14,1362996,23351,0.0,0.0,0.0,0.0,0.0,0.0,0.0,0.0,0.0,0.0
15,1362935,0,0.0,0.0,0.0,0.0,0.0,0.0,0.0,0.0,0.0,0.0
16,1363465,10516,0.0,590.92,0.0,0.0,0.0,0.0,-95.9202702702703,37.0,-95.9202702702703,37.0
17,1363404,0,0.0,550.73,0.0,0.0,-79.29400000000001,10.0,-36.801639344262306,61.0,-116.09563934426231,71.0
18,1362588,6354,1000.0,9.71,-134.9867567567568,37.0,-91.36333333333334,12.0,-44.26952380952382,63.0,-270.61961389961397,112.0
19,1363200,21015,254.56,1357.19,-109.23076923076923,26.0,-173.0642857142857,7.0,-91.64620689655173,58.0,-373.94126184160666,91.0
20,1362853,26505,1073.95,1025.23,-138.46842105263158,19.0,-109.572,5.0,-154.47882352941173,51.0,-402.5192445820433,75.0
21,1362792,3158,0.0,0.0,0.0,0.0,0.0,0.0,0.0,0.0,0.0,0.0
22,1363322,66930,0.0,0.0,0.0,0.0,0.0,0.0,0.0,0.0,0.0,0.0
23,1363261,19494,1000.0,289.89,-129.7466666666667,39.0,-128.66400000000002,15.0,-112.39919354838712,62.0,-370.80986021505385,116.0
24,1363179,19334,0.0,0.0,0.0,0.0,0.0,0.0,-92.08792452830187,53.0,-92.08792452830187,53.0
25,1363057,6493,938.43,1385.03,-108.6505,40.0,-158.48600000000002,10.0,0.0,0.0,-267.1365,50.0
26,1363444,3171,1000.0,0.0,-116.40152173913046,46.0,0.0,0.0,-38.32742424242425,66.0,-154.72894598155472,112.0
27,1362649,8976,1000.0,0.0,-100.51602941176468,68.0,0.0,0.0,-45.28753623188409,69.0,-145.80356564364877,137.0
28,1362567,30664,0.0,5143.26,0.0,0.0,-155.1240909090909,22.0,0.0,0.0,-155.1240909090909,22.0
29,1363383,21751,0.0,0.0,0.0,0.0,0.0,0.0,0.0,0.0,0.0,0.0
30,1363036,24326,1200.0,0.0,-126.55421052631576,38.0,0.0,0.0,-113.42477611940296,67.0,-239.97898664571872,105.0
31,1362506,76087,4216.53,0.0,-464.8004545454545,22.0,0.0,0.0,0.0,0.0,-464.8004545454545,22.0
32,1362832,56597,8500.0,0.0,-323.19642857142856,28.0,0.0,0.0,-126.81641791044771,67.0,-450.0128464818763,95.0
33,1362975,36330,525.5,0.0,-167.70736842105262,19.0,0.0,0.0,-102.68629032258066,62.0,-270.3936587436333,81.0
34,1363301,39991,0.0,417.32,0.0,0.0,-235.08444444444442,9.0,-207.55846153846144,52.0,-442.64290598290586,61.0
35,1362771,24344,1200.0,2361.62,-121.72135593220338,59.0,-153.86583333333337,12.0,-43.902972972973,74.0,-319.4901622385097,145.0
36,1362893,0,0.0,976.43,0.0,0.0,-128.2625,4.0,0.0,0.0,-128.2625,4.0
37,1363097,21663,1100.0,10.28,-111.81365853658538,41.0,-87.96000000000001,4.0,-46.20449275362321,69.0,-245.97815129020861,114.0
38,1363158,13148,121.67,1917.72,0.0,0.0,-145.04999999999998,3.0,-86.71961538461538,26.0,-231.76961538461535,29.0
39,1362485,22690,1100.0,0.0,-117.45947368421055,57.0,0.0,0.0,-77.37805970149248,67.0,-194.837533385703,124.0
40,1362546,10025,1292.63,991.01,-117.56382352941178,68.0,-45.08,4.0,-95.91548387096776,62.0,-258.55930740037957,134.0
41,1362954,43317,1226.12,0.0,-269.15516129032255,31.0,0.0,0.0,-198.28555555555556,54.0,-467.4407168458781,85.0
42,1363015,24545,0.0,385.97,0.0,0.0,0.0,0.0,-55.01734375000002,64.0,-55.01734375000002,64.0
43,1363219,18036,1000.0,0.0,-111.75372549019603,51.0,0.0,0.0,-113.63857142857141,63.0,-225.39229691876744,114.0
44,1363484,10244,408.08,0.0,-123.04730769230771,26.0,0.0,0.0,-93.33833333333334,54.0,-216.38564102564106,80.0
45,1362811,8011,1000.0,0.0,-105.06294117647059,51.0,0.0,0.0,-89.76557142857143,70.0,-194.82851260504202,121.0
46,1362607,24450,903.36,0.0,-140.43619999999999,50.0,0.0,0.0,-62.421875000000036,64.0,-202.858075,114.0
47,1363280,7571,1000.0,1706.87,-105.75500000000001,56.0,-87.70777777777778,9.0,-67.68573770491808,61.0,-261.14851548269587,126.0
48,1362872,17099,1000.0,0.0,-115.9122641509434,53.0,0.0,0.0,0.0,0.0,-115.9122641509434,53.0
49,1363076,47083,770.56,0.0,-306.4246153846153,26.0,0.0,0.0,-129.515737704918,61.0,-435.94035308953335,87.0
50,1362729,0,0.0,122.21,0.0,0.0,0.0,0.0,0.0,0.0,0.0,0.0
51,1362668,0,0.0,1470.67,0.0,0.0,-59.73615384615385,13.0,0.0,0.0,-59.73615384615385,13.0
52,1363198,60104,0.0,0.0,0.0,0.0,0.0,0.0,0.0,0.0,0.0,0.0
53,1362933,19823,899.08,17.18,-125.96241379310348,29.0,-133.1275,4.0,-44.26500000000002,70.0,-303.35491379310355,103.0
54,1362586,24476,3700.0,0.0,-117.02410256410255,39.0,0.0,0.0,-41.258656716417924,67.0,-158.28275928052048,106.0
55,1363402,24368,1200.0,0.0,-67.123,20.0,0.0,0.0,-138.3220338983051,59.0,-205.4450338983051,79.0
56,1363055,34473,0.0,0.0,0.0,0.0,0.0,0.0,0.0,0.0,0.0,0.0
57,1362525,6300,1051.01,313.46,-118.49454545454546,77.0,-97.92357142857144,14.0,-39.57088235294118,68.0,-255.98899923605808,159.0
58,1362851,51608,0.0,0.0,0.0,0.0,0.0,0.0,-262.17799999999994,65.0,-262.17799999999994,65.0
59,1363259,7335,334.29,0.0,-113.63024999999998,40.0,0.0,0.0,0.0,0.0,-113.63024999999998,40.0
60,1362912,29064,1500.0,0.0,-87.81750000000001,20.0,0.0,0.0,-61.88057971014493,69.0,-149.69807971014495,89.0
61,1362504,0,0.0,0.0,0.0,0.0,0.0,0.0,0.0,0.0,0.0,0.0
62,1362708,15246,1000.0,3821.12,-80.39666666666666,21.0,-112.05111111111111,18.0,-36.44597014925375,67.0,-228.89374792703154,106.0
63,1362973,17242,734.81,2570.3,-102.0475,36.0,-71.1,5.0,-99.80983050847458,59.0,-272.95733050847457,100.0
64,1363442,144157,0.0,0.0,0.0,0.0,0.0,0.0,-226.65828947368414,76.0,-226.65828947368414,76.0
65,1362769,27885,553.09,0.0,-138.42382352941172,34.0,0.0,0.0,0.0,0.0,-138.42382352941172,34.0
66,1362565,27492,1358.19,941.16,-138.10199999999998,40.0,-119.272,5.0,-210.69134615384615,52.0,-468.0653461538461,97.0
67,1363238,5788,0.0,192.39,0.0,0.0,0.0,0.0,0.0,0.0,0.0,0.0
68,1362891,0,0.0,1743.57,0.0,0.0,-117.745,4.0,0.0,0.0,-117.745,4.0
69,1362830,10933,88.21,35.68,-119.99136363636359,22.0,-89.535,4.0,-51.92200000000002,65.0,-261.4483636363636,91.0
70,1363217,15724,944.16,0.0,-137.15671875,64.0,0.0,0.0,-97.12770491803278,61.0,-234.2844236680328,125.0
71,1362626,15993,0.0,0.0,0.0,0.0,0.0,0.0,0.0,0.0,0.0,0.0
72,1363013,4435,1000.0,0.0,-98.4688405797101,69.0,0.0,0.0,-37.28893939393941,66.0,-135.75777997364952,135.0
73,1363095,12396,0.0,868.08,0.0,0.0,-141.30363636363634,11.0,-73.48520000000003,50.0,-214.7888363636364,61.0
74,1363482,9129,355.26,486.4,-107.2287804878049,41.0,-96.991,10.0,0.0,0.0,-204.21978048780488,51.0
75,1362687,7431,481.97,1111.42,-99.98375,32.0,-111.15899999999999,10.0,-62.178333333333356,66.0,-273.3210833333333,108.0
76,1362605,16957,1000.0,611.94,-168.58263157894737,19.0,0.0,0.0,-46.27568627450982,51.0,-214.8583178534572,70.0
77,1362952,7633,782.77,232.76,-138.45321428571427,28.0,0.0,0.0,-63.56708333333335,48.0,-202.02029761904762,76.0
78,1363339,0,0.0,522.48,0.0,0.0,-80.79,15.0,0.0,0.0,-80.79,15.0
79,1363421,1982,814.67,197.64,-134.35333333333332,42.0,-81.53916666666667,12.0,-103.83385964912279,57.0,-319.72635964912274,111.0
80,1362727,81509,0.0,9132.52,-409.4116666666667,18.0,0.0,0.0,-141.68507462686557,67.0,-551.0967412935322,85.0
81,1362809,25180,0.0,274.83,0.0,0.0,0.0,0.0,-105.64576923076922,52.0,-105.64576923076922,52.0
82,1363196,35502,1800.0,0.0,-198.47918918918919,74.0,0.0,0.0,-56.28652173913045,69.0,-254.76571092831963,143.0
83,1362666,0,0.0,300.42,0.0,0.0,-131.322,5.0,0.0,0.0,-131.322,5.0
84,1363461,23108,1610.7,0.0,-157.3859649122807,57.0,0.0,0.0,-110.13772727272728,66.0,-267.523692185008,123.0
85,1363135,18350,247.32,540.37,-124.64117647058823,17.0,0.0,0.0,0.0,0.0,-124.64117647058823,17.0
86,1362584,12885,1000.0,1999.37,-104.88035714285716,28.0,-157.53857142857143,7.0,-37.617000000000004,70.0,-300.0359285714286,105.0
87,1362931,39704,0.0,0.0,0.0,0.0,0.0,0.0,-202.70290322580644,62.0,-202.70290322580644,62.0
88,1363053,55061,918.09,0.0,-436.4236363636364,11.0,0.0,0.0,0.0,0.0,-436.4236363636364,11.0
89,1363400,49258,2186.72,137.85,-162.0408163265306,49.0,-156.96208333333337,24.0,-147.2941428571428,70.0,-466.29704251700673,143.0
90,1363318,7751,0.0,0.0,0.0,0.0,0.0,0.0,-65.29544117647062,68.0,-65.29544117647062,68.0
91,1362523,0,0.0,127.38,0.0,0.0,-78.2,7.0,0.0,0.0,-78.2,7.0
92,1362706,0,0.0,0.0,0.0,0.0,0.0,0.0,0.0,0.0,0.0,0.0
93,1362992,24534,0.0,0.0,0.0,0.0,0.0,0.0,-39.310952380952386,63.0,-39.310952380952386,63.0
94,1363175,0,1148.45,0.0,-118.78824324324327,74.0,0.0,0.0,-69.0903703703704,54.0,-187.87861361361365,128.0
95,1363257,31910,2275.24,1209.67,-133.33333333333334,24.0,-83.23041666666667,24.0,0.0,0.0,-216.56375000000003,48.0
96,1362767,0,290.54,1098.48,-122.96000000000001,35.0,-128.92666666666665,3.0,-57.19300000000002,70.0,-309.0796666666667,108.0
97,1362849,22001,515.69,0.0,-142.42034482758615,58.0,0.0,0.0,-60.46000000000001,64.0,-202.88034482758616,122.0
98,1362563,14711,1000.0,0.0,-111.52363636363636,22.0,0.0,0.0,-63.12295774647888,71.0,-174.64659411011525,93.0
99,1362645,57194,20.0,0.0,-228.61759999999995,25.0,0.0,0.0,-97.40814285714283,70.0,-326.0257428571428,95.0
100,1362624,28867,1400.0,1028.01,-157.80135135135131,37.0,-87.04000000000002,9.0,0.0,0.0,-244.84135135135134,46.0
101,1362502,15530,0.0,697.68,0.0,0.0,-95.21666666666665,3.0,0.0,0.0,-95.21666666666665,3.0
102,1362481,20855,0.0,0.0,0.0,0.0,0.0,0.0,0.0,0.0,0.0,0.0
103,1362971,31040,1600.0,0.0,-139.15850000000003,20.0,0.0,0.0,-119.42950819672124,61.0,-258.58800819672126,81.0
104,1362746,8810,1000.0,2946.92,-107.39822222222223,45.0,-111.72125,8.0,-48.71138461538465,65.0,-267.83085683760686,118.0
105,1363236,23206,1555.34,1067.7,-141.00451612903228,93.0,-91.03421052631579,19.0,-132.85854545454544,55.0,-364.8972721098935,167.0
106,1363215,57723,2089.45,2689.95,-396.81520000000006,25.0,-130.0,4.0,-396.9944444444444,9.0,-923.8096444444444,38.0
107,1362828,3994,1000.0,0.0,-96.85388888888889,18.0,0.0,0.0,0.0,0.0,-96.85388888888889,18.0
108,1363011,90248,20.0,1387.58,-183.47826086956522,23.0,-351.89428571428573,14.0,-413.87074626865666,67.0,-949.2432928525077,104.0
109,1363297,9351,67.82,0.0,-131.33766666666668,30.0,0.0,0.0,-41.62156250000002,64.0,-172.9592291666667,94.0
110,1363480,8038,0.0,0.0,0.0,0.0,0.0,0.0,-60.67602739726026,73.0,-60.67602739726026,73.0
111,1363093,1039,1000.0,86.31,-92.37944444444445,18.0,-71.84200000000001,10.0,-56.5389855072464,69.0,-220.76042995169084,97.0
112,1363072,7495,0.0,0.0,0.0,0.0,0.0,0.0,0.0,0.0,0.0,0.0
113,1362685,34080,1208.1,1735.39,-223.6951612903225,31.0,-146.07571428571427,7.0,-89.72000000000001,62.0,-459.4908755760368,100.0
114,1362868,14877,1000.0,0.0,-117.1289473684211,38.0,0.0,0.0,-69.08058823529414,68.0,-186.20953560371524,106.0
115,1363154,2925,0.0,0.0,0.0,0.0,0.0,0.0,-46.11885245901643,61.0,-46.11885245901643,61.0
116,1363337,84335,0.0,7766.05,0.0,0.0,-530.209090909091,11.0,-293.06880597014924,67.0,-823.2778968792402,78.0
117,1362950,11935,162.95,1545.22,-116.66666666666667,6.0,-62.91,1.0,-0.75,1.0,-180.32666666666665,8.0
118,1362929,83295,4200.0,1535.83,-406.8277777777778,27.0,-424.9983333333333,12.0,-171.46857142857138,63.0,-1003.2946825396824,102.0
119,1362542,43900,20.0,1654.74,-20.0,1.0,-283.43999999999994,4.0,-118.98058823529414,34.0,-422.4205882352941,39.0
120,1362725,68933,1939.63,16095.5,-375.903125,32.0,-921.365,4.0,-187.68783783783778,74.0,-1484.955962837838,110.0
121,1363276,16422,0.0,2037.38,0.0,0.0,-90.11,15.0,0.0,0.0,-90.11,15.0
122,1363194,24275,82.15,455.67,-130.42428571428573,7.0,-91.2875,4.0,0.0,0.0,-221.71178571428572,11.0
123,1362664,30676,1052.38,0.0,-191.68428571428575,28.0,0.0,0.0,-208.51703703703708,54.0,-400.20132275132283,82.0
124,1363051,0,0.0,0.0,0.0,0.0,0.0,0.0,0.0,0.0,0.0,0.0
125,1363133,12823,0.0,1082.35,0.0,0.0,-60.0,2.0,-76.47730769230769,26.0,-136.4773076923077,28.0
126,1362643,6356,559.57,494.84,-144.88437499999998,16.0,-56.465,4.0,-117.91000000000001,28.0,-319.259375,48.0
127,1363398,13811,1000.0,0.0,-121.57066666666667,15.0,0.0,0.0,-116.48763636363637,55.0,-238.05830303030302,70.0
128,1363377,5488,844.08,1782.06,-123.40820000000002,50.0,-125.252,5.0,-101.50563636363633,55.0,-350.16583636363634,110.0
129,1362990,0,1426.93,1113.07,-134.07796610169487,59.0,-41.2695652173913,23.0,-117.72265625000001,64.0,-293.07018756908616,146.0
130,1363173,27649,1400.0,382.8,-97.5732,25.0,-262.54,5.0,-45.57972972972975,74.0,-405.69292972972977,104.0
131,1363459,11944,3000.0,0.0,-130.78192307692305,26.0,0.0,0.0,0.0,0.0,-130.78192307692305,26.0
132,1362765,2769,999.18,1363.11,-128.90854545454542,55.0,-87.03,7.0,-101.76666666666665,69.0,-317.70521212121207,131.0
133,1363255,17559,0.0,0.0,0.0,0.0,0.0,0.0,-54.22750000000002,68.0,-54.22750000000002,68.0
134,1363234,12202,3000.0,918.39,-124.0635294117647,34.0,-36.795,6.0,-53.17246153846157,65.0,-214.03099095022628,105.0
135,1363316,18144,1000.0,629.06,-83.77199999999999,15.0,-131.56333333333333,3.0,-49.88426470588238,68.0,-265.2195980392157,86.0
136,1362622,34797,406.96,13404.16,-182.79117647058825,34.0,-115.31666666666666,3.0,-207.86687499999996,64.0,-505.97471813725485,101.0
137,1363112,13295,0.0,0.0,0.0,0.0,0.0,0.0,-98.30101694915254,59.0,-98.30101694915254,59.0
138,1363091,0,0.0,2338.68,0.0,0.0,0.0,0.0,0.0,0.0,0.0,0.0
139,1362500,56708,0.0,335.99,0.0,0.0,0.0,0.0,-159.89714285714288,14.0,-159.89714285714288,14.0
140,1362887,79057,0.0,4262.93,0.0,0.0,-332.85181818181815,11.0,-191.97785714285706,70.0,-524.8296753246752,81.0
141,1362969,75121,3800.0,5792.74,-377.0036363636363,33.0,-244.2914285714286,21.0,0.0,0.0,-621.2950649350649,54.0
142,1363356,12258,1000.0,148.06,-86.13439024390243,41.0,-82.777,10.0,-59.14046874999999,64.0,-228.0518589939024,115.0
143,1363438,2644,684.3,95.3,-112.53567567567566,37.0,-88.22888888888889,9.0,-54.811230769230804,65.0,-255.57579533379536,111.0
144,1362948,28864,813.51,0.0,-138.56058823529415,34.0,0.0,0.0,-150.64500000000004,54.0,-289.20558823529416,88.0
145,1362826,0,0.0,425.08,0.0,0.0,-83.14000000000001,5.0,0.0,0.0,-83.14000000000001,5.0
146,1362744,3618,682.28,1797.22,-130.81716666666665,60.0,-104.640625,16.0,-45.55161764705884,68.0,-281.0094093137255,144.0
147,1363295,4391,1000.0,222.18,-60.220555555555556,18.0,-127.15833333333335,6.0,-33.19878787878788,33.0,-220.5776767676768,57.0
148,1363213,38010,1046.11,289.72,-239.4313333333333,30.0,0.0,0.0,0.0,0.0,-239.4313333333333,30.0
149,1362683,44288,5359.08,0.0,-237.70958677685954,121.0,0.0,0.0,0.0,0.0,-237.70958677685954,121.0
150,1363070,5808,774.22,844.28,-109.12703703703703,27.0,0.0,0.0,-29.91999999999999,14.0,-139.04703703703703,41.0
151,1362540,49731,0.0,0.0,0.0,0.0,0.0,0.0,-262.3181967213115,61.0,-262.3181967213115,61.0
152,1363335,2807,806.94,0.0,-103.67823529411764,34.0,0.0,0.0,-49.08666666666667,66.0,-152.7649019607843,100.0
153,1363009,95585,0.0,0.0,0.0,0.0,0.0,0.0,-495.5804999999999,20.0,-495.5804999999999,20.0
154,1362927,15795,0.0,0.0,0.0,0.0,0.0,0.0,0.0,0.0,0.0,0.0
155,1362805,4626,300.0,232.15,-108.57142857142857,28.0,-101.65692307692308,13.0,-49.9658666666667,75.0,-260.19421831501836,116.0
156,1363192,10151,1000.0,0.0,-86.26263157894738,19.0,0.0,0.0,-56.90266666666669,60.0,-143.16529824561405,79.0
157,1362662,4604,0.0,0.0,0.0,0.0,0.0,0.0,-99.15564516129032,62.0,-99.15564516129032,62.0
158,1362784,55678,2764.67,0.0,-300.7042857142857,28.0,0.0,0.0,-273.4616949152542,59.0,-574.16598062954,87.0
159,1362723,40898,0.0,0.0,0.0,0.0,0.0,0.0,0.0,0.0,0.0,0.0
160,1363253,39291,2000.0,1701.18,-245.28027027027028,37.0,-140.99857142857144,7.0,-151.70350000000005,60.0,-537.9823416988418,104.0
161,1363457,86744,4626.88,3028.72,-506.22500000000014,44.0,-337.48,4.0,-445.00644067796605,59.0,-1288.7114406779663,107.0
162,1362641,3419,172.99,141.92,-98.43882352941175,17.0,0.0,0.0,-66.89666666666666,30.0,-165.3354901960784,47.0
163,1362580,29363,1500.0,163.39,-119.73761904761906,21.0,-127.67999999999999,7.0,-61.71173913043478,69.0,-309.12935817805385,97.0
164,1362906,36675,0.0,0.0,0.0,0.0,0.0,0.0,0.0,0.0,0.0,0.0
165,1362845,73785,20.0,0.0,-20.0,1.0,0.0,0.0,0.0,0.0,-20.0,1.0
166,1363375,11004,0.0,0.0,0.0,0.0,0.0,0.0,-39.626307692307705,65.0,-39.626307692307705,65.0
167,1363314,11375,366.31,0.0,-89.65829787234044,47.0,0.0,0.0,-73.95206349206349,63.0,-163.61036136440393,110.0
168,1362498,9849,0.0,2307.85,0.0,0.0,0.0,0.0,-44.53975000000001,40.0,-44.53975000000001,40.0
169,1362702,19789,0.0,12.53,0.0,0.0,-99.25461538461539,13.0,-58.45385964912284,57.0,-157.70847503373824,70.0
170,1362763,21198,160.0,0.0,-133.8321739130435,23.0,0.0,0.0,-38.60395833333333,48.0,-172.43613224637684,71.0
171,1363171,36873,1800.0,0.0,-103.68954545454545,22.0,0.0,0.0,-195.86111111111103,63.0,-299.5506565656565,85.0
172,1363232,9614,1000.0,0.0,-126.38772727272726,22.0,0.0,0.0,0.0,0.0,-126.38772727272726,22.0
173,1362967,5022,0.0,0.0,0.0,0.0,0.0,0.0,-65.54314285714287,70.0,-65.54314285714287,70.0
174,1362620,29995,0.0,0.0,0.0,0.0,0.0,0.0,-180.9701754385965,57.0,-180.9701754385965,57.0
175,1363436,6105,0.0,0.0,0.0,0.0,0.0,0.0,-35.9213559322034,59.0,-35.9213559322034,59.0
176,1363089,30500,0.0,0.0,0.0,0.0,0.0,0.0,0.0,0.0,0.0,0.0
177,1362824,69432,959.72,0.0,-397.60294117647067,34.0,0.0,0.0,-171.8570312499999,64.0,-569.4599724264706,98.0
178,1363354,12621,3000.0,1116.71,-83.68483870967742,31.0,-103.723,10.0,-64.76314285714285,70.0,-252.17098156682027,111.0
179,1362681,30224,0.0,3629.45,0.0,0.0,-361.66125,8.0,0.0,0.0,-361.66125,8.0
180,1362742,18785,15.74,844.14,-99.31857142857143,7.0,-55.0,4.0,-7.279411764705882,17.0,-161.59798319327732,28.0
181,1363150,0,0.0,370.22,0.0,0.0,-121.39687500000001,16.0,0.0,0.0,-121.39687500000001,16.0
182,1363211,44472,112.99,0.0,-269.62666666666667,21.0,0.0,0.0,0.0,0.0,-269.62666666666667,21.0
183,1363415,0,0.0,0.0,0.0,0.0,0.0,0.0,-80.71266666666666,60.0,-80.71266666666666,60.0
184,1363068,57612,20.0,0.0,-299.1217647058824,34.0,0.0,0.0,0.0,0.0,-299.1217647058824,34.0
185,1363007,22437,0.0,0.0,0.0,0.0,0.0,0.0,0.0,0.0,0.0,0.0
186,1362925,15077,602.03,1770.46,-109.09666666666668,33.0,-127.36333333333333,9.0,0.0,0.0,-236.46,42.0
187,1363476,9916,0.0,0.0,0.0,0.0,0.0,0.0,0.0,0.0,0.0,0.0
188,1363394,12722,1000.0,2270.28,-95.26133333333335,15.0,-139.84,7.0,0.0,0.0,-235.10133333333334,22.0
189,1363272,22758,1016.12,711.81,-88.88888888888889,27.0,-180.53076923076924,13.0,-61.93927272727275,55.0,-331.3589308469309,95.0
190,1362782,29579,1136.06,268.13,-142.74885714285713,35.0,-40.0,4.0,-87.4313636363636,66.0,-270.18022077922075,105.0
191,1362864,17612,0.0,176.53,0.0,0.0,0.0,0.0,-46.11634146341464,41.0,-46.11634146341464,41.0
192,1363251,18597,0.0,5059.46,0.0,0.0,-162.61307692307693,13.0,-110.6401851851852,54.0,-273.2532621082621,67.0
193,1363333,16865,0.0,1896.2,0.0,0.0,-116.40142857142857,7.0,-39.016612903225806,62.0,-155.4180414746544,69.0
194,1363047,14891,0.0,417.52,0.0,0.0,-84.42,4.0,0.0,0.0,-84.42,4.0
195,1363129,10430,335.42,0.0,-112.29642857142858,14.0,0.0,0.0,-69.23098039215688,51.0,-181.52740896358546,65.0
196,1362639,0,0.0,0.0,0.0,0.0,0.0,0.0,0.0,0.0,0.0,0.0
197,1362721,7777,1000.0,48.22,-93.5509090909091,22.0,-69.08666666666666,6.0,0.0,0.0,-162.63757575757575,28.0
198,1363108,27814,458.67,360.12,-123.80952380952381,21.0,-90.59333333333332,6.0,-0.75,5.0,-215.15285714285713,32.0
199,1362986,41650,1932.1,434.43,-253.73166666666668,12.0,-263.9271428571429,7.0,-200.96076923076922,13.0,-718.6195787545788,32.0
200,1362904,18891,679.69,201.9,-147.30882352941177,34.0,0.0,0.0,-52.720000000000006,61.0,-200.02882352941177,95.0
201,1363455,37471,5192.98,254.9,-254.88380952380953,21.0,-0.75,1.0,0.0,0.0,-255.63380952380953,22.0
202,1362496,0,0.0,251.06,0.0,0.0,0.0,0.0,0.0,0.0,0.0,0.0
203,1362578,0,731.2,862.43,-121.85264705882352,34.0,-95.125,4.0,-88.87033898305087,59.0,-305.8479860418744,97.0
204,1362965,28402,0.0,0.0,0.0,0.0,0.0,0.0,0.0,0.0,0.0,0.0
205,1362843,27303,0.0,224.72,0.0,0.0,-146.868,5.0,-139.65253968253964,63.0,-286.5205396825396,68.0
206,1362761,13515,0.0,490.67,0.0,0.0,-118.768,5.0,-77.99860465116281,43.0,-196.76660465116282,48.0
207,1363312,29335,4400.0,0.0,-150.374,60.0,0.0,0.0,0.0,0.0,-150.374,60.0
208,1363230,5940,0.0,0.0,0.0,0.0,0.0,0.0,-91.70942307692306,52.0,-91.70942307692306,52.0
209,1362700,6195,107.4,315.88,-143.26411764705884,17.0,0.0,0.0,-21.07875,8.0,-164.34286764705882,25.0
210,1362822,13750,1000.0,523.43,-105.26315789473684,19.0,-136.52625,16.0,-108.70483333333333,60.0,-350.49424122807017,95.0
211,1363169,13113,0.0,153.82,0.0,0.0,0.0,0.0,-27.78212121212121,33.0,-27.78212121212121,33.0
212,1362618,84120,0.0,0.0,0.0,0.0,0.0,0.0,0.0,0.0,0.0,0.0
213,1363434,41069,0.0,2728.02,0.0,0.0,-182.91333333333333,3.0,-214.39672413793107,58.0,-397.3100574712644,61.0
214,1363087,3400,1000.0,0.0,-88.39947368421055,19.0,0.0,0.0,-51.17840579710147,69.0,-139.577879481312,88.0
215,1362557,19282,1000.0,68.86,-157.14285714285714,7.0,-163.98555555555555,9.0,-84.83210526315789,57.0,-405.9605179615706,73.0
216,1363352,5772,906.54,2950.23,-118.90744680851057,47.0,-55.086666666666666,6.0,-68.48092307692308,65.0,-242.47503655210033,118.0
217,1363026,49435,2500.0,0.0,-207.91627906976743,43.0,0.0,0.0,-133.69559322033894,59.0,-341.61187229010636,102.0
218,1363413,9146,0.0,0.0,0.0,0.0,0.0,0.0,-36.930757575757596,66.0,-36.930757575757596,66.0
219,1363495,19639,0.0,2783.16,0.0,0.0,-93.24,10.0,-96.40491228070177,57.0,-189.64491228070176,67.0
220,1363209,32739,1600.0,1813.9,-102.3064705882353,17.0,-307.02500000000003,4.0,-73.00611111111111,72.0,-482.33758169934646,93.0
221,1363291,34855,5014.14,653.58,-240.0112765957447,47.0,-55.40625,8.0,-159.28762711864414,59.0,-454.7051537143888,114.0
222,1362801,12485,45.23,0.0,-115.52666666666667,9.0,0.0,0.0,-47.987222222222236,54.0,-163.5138888888889,63.0
223,1362883,12403,983.06,149.74,-109.65517241379311,29.0,-159.30428571428573,7.0,0.0,0.0,-268.95945812807884,36.0
224,1363270,0,0.0,380.05,0.0,0.0,-96.82058823529411,17.0,-56.89031746031746,63.0,-153.7109056956116,80.0
225,1363148,32551,0.0,0.0,0.0,0.0,0.0,0.0,0.0,0.0,0.0,0.0
226,1363066,3240,0.0,0.0,0.0,0.0,0.0,0.0,-32.90270833333333,48.0,-32.90270833333333,48.0
227,1362740,2715,1121.88,119.87,-130.42916666666667,36.0,0.0,0.0,-71.74380000000002,50.0,-202.1729666666667,86.0
228,1362658,45629,0.0,238.62,0.0,0.0,0.0,0.0,-341.376,10.0,-341.376,10.0
229,1363005,6144,0.0,0.0,0.0,0.0,0.0,0.0,0.0,0.0,0.0,0.0
230,1363127,0,305.79,124.01,-117.70888888888888,9.0,0.0,0.0,0.0,0.0,-117.70888888888888,9.0
231,1363474,3339,702.74,4622.61,-93.8696875,32.0,-201.746,5.0,-96.90099999999997,60.0,-392.5166875,97.0
232,1362923,0,0.0,0.0,0.0,0.0,0.0,0.0,0.0,0.0,0.0,0.0
233,1362597,12106,442.72,0.0,-102.19303030303031,33.0,0.0,0.0,-110.8565,60.0,-213.0495303030303,93.0
234,1363392,0,1000.0,241.59,-57.75666666666666,21.0,-75.21142857142857,7.0,-119.9313559322034,59.0,-252.89945117029862,87.0
235,1362862,0,0.0,0.0,0.0,0.0,0.0,0.0,0.0,0.0,0.0,0.0
236,1363249,61885,3082.05,0.0,-161.50943396226415,53.0,0.0,0.0,-179.0998437499999,64.0,-340.6092777122641,117.0
237,1363331,31054,2264.61,743.04,-207.11814814814818,27.0,-171.6575,8.0,-174.84258064516126,62.0,-553.6182287933095,97.0
238,1362637,23973,1200.0,44.79,-94.53210526315792,19.0,-171.29,2.0,-50.36424242424245,66.0,-316.18634768740037,87.0
239,1362719,23843,0.0,0.0,0.0,0.0,0.0,0.0,0.0,0.0,0.0,0.0
240,1363371,3551,0.0,87.77,0.0,0.0,-178.34000000000003,11.0,-81.19426229508196,61.0,-259.534262295082,72.0
241,1363453,12728,0.0,0.0,0.0,0.0,0.0,0.0,-34.635,8.0,-34.635,8.0
242,1362963,4508,0.0,0.0,0.0,0.0,0.0,0.0,-40.445270270270285,74.0,-40.445270270270285,74.0
243,1362902,18760,346.97,1554.71,-112.64156862745098,51.0,-151.38,8.0,-68.45838709677417,62.0,-332.47995572422514,121.0
244,1363228,36237,0.0,1538.46,0.0,0.0,-185.4025,4.0,-95.99878378378375,74.0,-281.40128378378375,78.0
245,1362698,49623,2500.0,3110.27,-141.49904761904762,21.0,-288.19777777777773,18.0,-228.70399999999992,60.0,-658.4008253968253,99.0
246,1362820,129196,4231.59,0.0,-537.4419444444444,36.0,0.0,0.0,-628.386393442623,61.0,-1165.8283378870674,97.0
247,1363167,39703,0.0,1296.4,0.0,0.0,-324.9857142857143,7.0,-209.66180327868847,61.0,-534.6475175644027,68.0
248,1363289,19300,0.0,0.0,0.0,0.0,0.0,0.0,0.0,0.0,0.0,0.0
249,1362759,27258,835.19,79.52,-158.1530232558139,43.0,-165.98399999999998,15.0,-55.65931506849318,73.0,-379.7963383243071,131.0
250,1363085,25681,0.0,0.0,0.0,0.0,0.0,0.0,0.0,0.0,0.0,0.0
251,1362555,26598,0.0,260.59,0.0,0.0,-117.3075,12.0,-84.81053571428572,56.0,-202.11803571428572,68.0
252,1362677,11812,0.0,0.0,0.0,0.0,0.0,0.0,-60.84227272727276,66.0,-60.84227272727276,66.0
253,1363493,30068,0.0,553.61,0.0,0.0,-129.93666666666667,6.0,-143.90661538461535,65.0,-273.843282051282,71.0
254,1362942,17165,0.0,0.0,0.0,0.0,0.0,0.0,0.0,0.0,0.0,0.0
255,1362881,12690,440.26,61.5,-115.57631578947367,57.0,-130.64714285714288,7.0,-50.668387096774204,62.0,-296.8918457433908,126.0
256,1363268,35508,1800.0,180.08,-120.81066666666668,15.0,-151.095,6.0,-54.03313432835824,67.0,-325.9388009950249,88.0
257,1363146,8381,0.0,0.0,0.0,0.0,0.0,0.0,0.0,0.0,0.0,0.0
258,1362656,17584,445.22,367.8,-109.7136842105263,38.0,-115.34,13.0,0.0,0.0,-225.05368421052628,51.0
259,1363207,10919,777.0,0.0,-100.515,64.0,0.0,0.0,0.0,0.0,-100.515,64.0
260,1363390,12973,1860.67,740.57,-126.11540540540541,37.0,-58.65272727272727,11.0,-90.8286440677966,59.0,-275.5967767459293,107.0
261,1363003,7968,0.0,0.0,0.0,0.0,0.0,0.0,-72.95538461538462,65.0,-72.95538461538462,65.0
262,1362513,28058,0.0,352.05,0.0,0.0,-136.45499999999998,8.0,-62.320833333333326,24.0,-198.7758333333333,32.0
263,1362595,29241,0.0,0.0,0.0,0.0,0.0,0.0,-111.21000000000004,52.0,-111.21000000000004,52.0
264,1362982,0,0.0,3313.65,0.0,0.0,-166.0157142857143,14.0,0.0,0.0,-166.0157142857143,14.0
265,1363064,0,0.0,1103.03,0.0,0.0,-65.55199999999999,10.0,0.0,0.0,-65.55199999999999,10.0
266,1363247,19686,3000.0,339.33,-97.68195652173915,46.0,-66.2064705882353,17.0,-48.303380281690174,71.0,-212.19180739166464,134.0
267,1362860,0,0.0,2100.68,0.0,0.0,-196.0771428571429,14.0,0.0,0.0,-196.0771428571429,14.0
268,1362839,43315,3783.62,3420.03,-247.05134146341453,82.0,-349.2747058823529,17.0,-222.298125,64.0,-818.6241723457674,163.0
269,1362921,19987,81.68,0.0,-110.70666666666666,9.0,0.0,0.0,-43.94780487804879,41.0,-154.65447154471545,50.0
270,1362492,40252,2000.0,0.0,-171.97520000000003,25.0,0.0,0.0,-241.04210526315785,57.0,-413.0173052631579,82.0
271,1362717,0,1000.0,186.79,-94.72052631578947,19.0,0.0,0.0,-48.06446153846156,65.0,-142.78498785425103,84.0
272,1362961,5505,1000.0,0.0,-129.4768292682927,41.0,0.0,0.0,-82.02888888888893,54.0,-211.50571815718163,95.0
273,1363186,0,0.0,0.0,0.0,0.0,0.0,0.0,0.0,0.0,0.0,0.0
274,1363287,18449,991.56,0.0,-75.00176470588235,17.0,0.0,0.0,0.0,0.0,-75.00176470588235,17.0
275,1362574,26763,1300.0,0.0,-149.1803278688525,61.0,0.0,0.0,0.0,0.0,-149.1803278688525,61.0
276,1363083,22680,969.94,6325.98,-129.11606060606064,33.0,-111.83571428571427,7.0,-41.65032786885246,61.0,-282.60210276062736,101.0
277,1363043,20840,1000.0,1379.43,-106.98795918367345,49.0,-149.34888888888887,9.0,-142.37295081967216,61.0,-398.70979889223446,119.0
278,1362675,10608,911.38,274.78,-84.84176470588235,17.0,-63.5225,4.0,-60.61363636363637,22.0,-208.97790106951874,43.0
279,1363308,27155,498.06,1585.57,-112.71206896551725,29.0,-167.98833333333334,6.0,-0.75,1.0,-281.4504022988506,36.0
280,1362940,0,41.22,778.84,-113.21214285714288,14.0,-73.84333333333333,6.0,0.0,0.0,-187.0554761904762,20.0
281,1363165,15301,429.34,57.08,-110.0,24.0,-80.058,5.0,-69.93657142857144,70.0,-259.9945714285714,99.0
282,1363409,9379,160.42,0.0,-107.82703703703703,27.0,0.0,0.0,0.0,0.0,-107.82703703703703,27.0
283,1363022,26364,604.65,140.0,-141.52,23.0,0.0,0.0,-62.38375,8.0,-203.90375,31.0
284,1362797,17912,100.0,0.0,-137.3111111111111,9.0,0.0,0.0,0.0,0.0,-137.3111111111111,9.0
285,1363491,0,0.0,17.82,0.0,0.0,-156.34555555555553,9.0,0.0,0.0,-156.34555555555553,9.0
286,1363266,20889,994.65,0.0,-85.88235294117646,17.0,0.0,0.0,-66.89258064516129,62.0,-152.77493358633774,79.0
287,1362614,18040,0.0,1534.73,0.0,0.0,-151.63500000000005,10.0,0.0,0.0,-151.63500000000005,10.0
288,1362858,60242,708.2,592.84,-420.21716417910466,67.0,-294.58214285714286,14.0,-137.5258461538461,65.0,-852.3251531900935,146.0
289,1362879,0,0.0,856.61,0.0,0.0,-114.205,4.0,0.0,0.0,-114.205,4.0
290,1362654,0,0.0,622.46,0.0,0.0,-137.846,5.0,0.0,0.0,-137.846,5.0
291,1363348,36259,1800.0,1628.76,-204.74260869565217,46.0,-190.083125,16.0,-159.04763636363631,55.0,-553.8733700592885,117.0
292,1363123,56384,2800.0,0.0,-216.60277777777776,18.0,0.0,0.0,-300.5624137931034,58.0,-517.1651915708812,76.0
293,1362736,20358,328.79,2180.1,-122.94190476190475,21.0,0.0,0.0,-56.974642857142854,28.0,-179.9165476190476,49.0
294,1363388,76376,0.0,0.0,0.0,0.0,0.0,0.0,0.0,0.0,0.0,0.0
295,1363205,0,684.12,1240.58,-147.67636363636362,11.0,-185.67,5.0,-111.16384615384615,13.0,-444.51020979020973,29.0
296,1362511,2517,904.93,748.73,-102.91025000000005,40.0,-121.04384615384615,13.0,-50.63089552238808,67.0,-274.58499167623427,120.0
297,1363470,18390,5000.0,0.0,-142.87256410256413,39.0,0.0,0.0,-103.44574074074079,54.0,-246.31830484330493,93.0
298,1362980,8201,512.73,310.32,-117.49761904761904,42.0,-154.21,11.0,-91.58444444444446,54.0,-363.2920634920635,107.0
299,1362593,11725,689.96,0.0,-115.50870967741938,62.0,0.0,0.0,-123.53919354838713,62.0,-239.04790322580652,124.0
300,1363449,30265,636.53,0.0,-205.09222222222223,36.0,0.0,0.0,-64.78444444444445,72.0,-269.87666666666667,108.0
301,1363327,12310,3000.0,401.43,-109.64083333333333,36.0,-162.88714285714286,7.0,-86.81746268656717,67.0,-359.34543887704336,110.0
302,1362837,22322,1100.0,545.76,-120.64090909090906,11.0,-189.33428571428573,7.0,-86.22172413793103,58.0,-396.19691894312587,76.0
303,1362919,4300,0.0,318.66,0.0,0.0,0.0,0.0,0.0,0.0,0.0,0.0
304,1363306,15576,137.4,1193.26,-104.46857142857145,28.0,-132.815,8.0,-51.95934426229509,61.0,-289.24291569086654,97.0
305,1362715,17750,933.22,195.07,-124.58850000000002,40.0,-41.755,6.0,-80.09220338983049,59.0,-246.4357033898305,105.0
306,1363102,18183,1000.0,0.0,-117.32777777777775,9.0,0.0,0.0,0.0,0.0,-117.32777777777775,9.0
307,1363184,19840,1000.0,0.0,-87.29409090909091,22.0,0.0,0.0,-26.581578947368417,19.0,-113.87566985645933,41.0
308,1362694,29838,1360.3,0.0,-206.26088888888887,45.0,0.0,0.0,-139.86188679245282,53.0,-346.1227756813417,98.0
309,1362776,27269,0.0,0.0,0.0,0.0,0.0,0.0,-95.38650793650791,63.0,-95.38650793650791,63.0
310,1362959,77727,20.0,0.0,-226.37250000000003,20.0,0.0,0.0,-208.44771428571417,70.0,-434.8202142857142,90.0
311,1362572,0,369.97,432.85,-144.91518518518518,27.0,-109.08500000000001,8.0,-54.98683333333335,60.0,-308.98701851851854,95.0
312,1363428,8301,0.0,0.0,0.0,0.0,0.0,0.0,-69.61544117647057,68.0,-69.61544117647057,68.0
313,1362633,10818,1000.0,57.34,-115.54384615384615,52.0,-84.40785714285714,14.0,-107.48283582089549,67.0,-307.4345391175988,133.0
314,1362551,23085,0.0,0.0,0.0,0.0,0.0,0.0,-83.41510204081634,49.0,-83.41510204081634,49.0
315,1362898,12449,0.0,0.0,0.0,0.0,0.0,0.0,-54.464000000000006,55.0,-54.464000000000006,55.0
316,1362816,11918,3000.0,0.0,-127.28593406593406,91.0,0.0,0.0,-124.23037735849054,53.0,-251.5163114244246,144.0
317,1363081,41876,84.59,765.22,-141.69909090909093,11.0,-108.0,5.0,-60.31909090909091,33.0,-310.01818181818186,49.0
318,1363142,40671,1953.78,404.63,-254.52275,40.0,0.0,0.0,-123.55417910447754,67.0,-378.07692910447753,107.0
319,1362877,9480,80.0,629.45,-96.47058823529412,17.0,-200.56714285714284,7.0,-41.01835616438358,73.0,-338.05608725682055,97.0
320,1362530,39250,2000.0,900.52,-277.5988571428571,35.0,-171.95875,8.0,-211.49620000000007,50.0,-661.0538071428572,93.0
321,1363346,35237,0.0,332.08,0.0,0.0,0.0,0.0,-182.02071428571432,56.0,-182.02071428571432,56.0
322,1362999,29403,988.54,0.0,-175.7498571428571,70.0,0.0,0.0,-138.03741935483873,62.0,-313.78727649769587,132.0
323,1362938,0,436.98,0.0,-138.31652173913042,46.0,0.0,0.0,-108.41916666666663,60.0,-246.73568840579705,106.0
324,1363468,36923,5500.0,927.28,-195.70885714285714,35.0,-64.17757575757577,33.0,0.0,0.0,-259.8864329004329,68.0
325,1362734,33010,0.0,438.53,0.0,0.0,0.0,0.0,-10.0,2.0,-10.0,2.0
326,1363264,0,1000.0,369.44,-117.69846153846156,78.0,-244.51083333333335,12.0,-54.667014925373174,67.0,-416.87630979716806,157.0
327,1363203,82612,0.0,3216.39,0.0,0.0,-329.83799999999997,15.0,-170.14363636363623,66.0,-499.9816363636362,81.0
328,1363121,0,0.0,122.74,0.0,0.0,0.0,0.0,0.0,0.0,0.0,0.0
329,1362591,26936,1548.57,0.0,-144.41090909090914,88.0,0.0,0.0,-139.82152542372876,59.0,-284.23243451463793,147.0
330,1362713,31297,0.0,468.2,0.0,0.0,0.0,0.0,-55.997857142857136,14.0,-55.997857142857136,14.0
331,1363060,48479,2192.95,1441.88,-184.07399999999998,15.0,-573.04,2.0,-232.59338983050844,59.0,-989.7073898305084,76.0
332,1362509,3093,10.0,337.82,-105.60600000000002,75.0,-203.90285714285713,14.0,-45.288805970149284,67.0,-354.7976631130064,156.0
333,1362652,20745,0.0,0.0,0.0,0.0,0.0,0.0,-31.7416393442623,61.0,-31.7416393442623,61.0
334,1362978,33060,2103.69,28.91,-203.28333333333333,93.0,-138.08133333333333,15.0,-249.8934615384615,52.0,-591.2581282051282,160.0
335,1362917,45464,6800.0,0.0,-272.0,25.0,0.0,0.0,-93.86687499999996,64.0,-365.86687499999994,89.0
336,1363447,17052,1000.0,671.09,-107.2218181818182,11.0,-81.34200000000001,5.0,-100.46000000000001,61.0,-289.0238181818182,77.0
337,1363386,12033,0.0,0.0,0.0,0.0,0.0,0.0,0.0,0.0,0.0,0.0
338,1362570,20562,0.0,174.16,0.0,0.0,0.0,0.0,0.0,0.0,0.0,0.0
339,1363182,101177,5100.0,753.69,-424.3762162162162,37.0,-514.53,7.0,0.0,0.0,-938.9062162162162,44.0
340,1362835,9099,9.51,2060.9,-112.73374999999999,8.0,0.0,0.0,-55.663333333333334,6.0,-168.3970833333333,14.0
341,1363243,16579,110.03,760.1,-109.37121951219515,41.0,-129.60500000000002,4.0,-97.36203703703704,54.0,-336.3382565492322,99.0
342,1363304,14780,0.0,0.0,0.0,0.0,0.0,0.0,-51.71852459016396,61.0,-51.71852459016396,61.0
343,1363039,0,0.0,0.0,0.0,0.0,0.0,0.0,0.0,0.0,0.0,0.0
344,1362692,0,0.0,0.0,0.0,0.0,0.0,0.0,0.0,0.0,0.0,0.0
345,1362631,34394,575.0,533.3,-262.902972972973,37.0,0.0,0.0,-112.35280701754387,57.0,-375.2557799905168,94.0
346,1363161,12560,0.0,0.0,0.0,0.0,0.0,0.0,-80.53671874999999,64.0,-80.53671874999999,64.0
347,1363100,12599,0.0,0.0,0.0,0.0,0.0,0.0,-86.45421875,64.0,-86.45421875,64.0
348,1363426,37186,917.28,0.0,-206.74,25.0,0.0,0.0,-217.32999999999998,16.0,-424.07,41.0
349,1362896,44758,0.0,0.0,0.0,0.0,0.0,0.0,-231.25148148148145,54.0,-231.25148148148145,54.0
350,1362549,0,1000.0,1039.96,-97.00275862068969,58.0,-106.806875,16.0,0.0,0.0,-203.80963362068968,74.0
351,1363365,41261,2100.0,0.0,-242.962,15.0,0.0,0.0,-199.44446153846158,65.0,-442.4064615384616,80.0
352,1363018,46884,2300.0,9387.66,-214.23574999999997,40.0,-363.1742105263158,19.0,-122.5335211267605,71.0,-699.9434816530763,130.0
353,1362488,7083,0.0,0.0,0.0,0.0,0.0,0.0,-93.46561403508768,57.0,-93.46561403508768,57.0
354,1362814,0,1000.0,0.0,-124.13363636363637,11.0,0.0,0.0,-60.846607142857145,56.0,-184.9802435064935,67.0
355,1362753,13352,3000.0,0.0,-91.07031250000001,32.0,0.0,0.0,-29.04553191489361,47.0,-120.11584441489362,79.0
356,1363283,22995,1100.0,2.74,-90.687,20.0,-122.648,5.0,-46.59268656716419,67.0,-259.9276865671642,92.0
357,1363222,5456,1000.0,0.0,-117.98431818181817,44.0,0.0,0.0,-46.5854411764706,68.0,-164.56975935828876,112.0
358,1362875,8681,3000.0,449.66,-102.83583333333333,24.0,-96.05666666666667,3.0,-53.36245901639346,61.0,-252.25495901639346,88.0
359,1363487,0,0.0,0.0,0.0,0.0,0.0,0.0,0.0,0.0,0.0,0.0
360,1362671,22783,1100.0,83.19,-87.16333333333334,15.0,-77.77399999999999,15.0,0.0,0.0,-164.93733333333333,30.0
361,1362610,9602,545.57,0.0,-118.99151515151516,33.0,0.0,0.0,0.0,0.0,-118.99151515151516,33.0
362,1363140,20684,1000.0,896.45,-91.37176470588236,17.0,-116.77333333333333,6.0,-41.609512195121965,41.0,-249.75461023433763,64.0
363,1363079,25426,0.0,0.0,0.0,0.0,0.0,0.0,0.0,0.0,0.0,0.0
364,1362528,6618,540.09,269.93,-119.43702702702703,37.0,-95.41090909090909,11.0,-96.56839285714285,56.0,-311.41632897507895,104.0
365,1363344,13124,1000.0,253.92,-136.69217391304346,46.0,-64.92833333333333,6.0,-47.73652777777778,72.0,-249.35703502415458,124.0
366,1362997,0,420.0,201.95,-107.5,16.0,0.0,0.0,-22.875,48.0,-130.375,64.0
367,1362936,8575,244.47,792.11,-122.15333333333335,12.0,-144.362,5.0,-47.419016393442654,61.0,-313.93434972677596,78.0
368,1363466,0,0.0,1100.9,0.0,0.0,-86.2425,8.0,0.0,0.0,-86.2425,8.0
369,1363405,26583,0.0,0.0,0.0,0.0,0.0,0.0,-48.9636231884058,69.0,-48.9636231884058,69.0
370,1362589,30674,0.0,833.68,0.0,0.0,-174.94555555555556,9.0,0.0,0.0,-174.94555555555556,9.0
371,1363201,8038,1000.0,74.54,-125.24000000000001,12.0,-45.294999999999995,6.0,-130.69555555555553,9.0,-301.2305555555555,27.0
372,1362854,0,0.0,0.0,0.0,0.0,0.0,0.0,0.0,0.0,0.0,0.0
373,1362793,29120,407.08,404.56,-155.9907142857143,14.0,-272.4975,4.0,-129.065,60.0,-557.5532142857144,78.0
374,1363323,57882,1953.27,0.0,-373.7196,25.0,0.0,0.0,-379.6429310344827,58.0,-753.3625310344827,83.0
375,1363262,49631,0.0,6027.35,0.0,0.0,-194.57888888888888,9.0,-91.08078124999997,64.0,-285.6596701388888,73.0
376,1362711,12994,0.0,38.87,0.0,0.0,-96.53875,8.0,-43.60125000000003,64.0,-140.14000000000001,72.0
377,1363058,6355,0.0,0.0,0.0,0.0,0.0,0.0,-72.0002985074627,67.0,-72.0002985074627,67.0
378,1363180,0,0.0,405.61,0.0,0.0,-188.65625,8.0,0.0,0.0,-188.65625,8.0
379,1362650,17804,1000.0,149.2,-121.74000000000001,10.0,-104.13272727272725,11.0,0.0,0.0,-225.87272727272727,21.0
380,1362976,20179,0.0,137.99,0.0,0.0,-149.52555555555557,9.0,0.0,0.0,-149.52555555555557,9.0
381,1363384,54647,2231.29,3419.28,-284.8839024390244,41.0,-162.3325,4.0,-320.24393442622943,61.0,-767.4603368652538,106.0
382,1363445,5918,0.0,552.01,0.0,0.0,-115.44,11.0,0.0,0.0,-115.44,11.0
383,1362507,0,0.0,0.0,0.0,0.0,0.0,0.0,-49.675454545454556,66.0,-49.675454545454556,66.0
384,1362568,0,0.0,386.2,0.0,0.0,-67.94777777777777,9.0,-108.19615384615383,65.0,-176.14393162393162,74.0
385,1362772,12456,0.0,0.0,0.0,0.0,0.0,0.0,-129.08596774193546,62.0,-129.08596774193546,62.0
386,1363037,8257,1000.0,2054.92,-122.22222222222223,9.0,-64.70750000000001,4.0,-154.58278688524592,61.0,-341.5125091074682,74.0
387,1363241,30217,1352.7,1649.8,-163.4805555555556,54.0,-131.7045,20.0,-64.95788732394365,71.0,-360.1429428794993,145.0
388,1363302,50704,0.0,0.0,-237.5585714285714,7.0,0.0,0.0,-139.11582089552235,67.0,-376.6743923240938,74.0
389,1363098,21909,0.0,0.0,0.0,0.0,0.0,0.0,-93.71079365079368,63.0,-93.71079365079368,63.0
390,1362894,59542,1840.0,360.28,-153.33333333333334,12.0,-259.00454545454545,11.0,0.0,0.0,-412.3378787878788,23.0
391,1362486,10701,0.0,116.24,0.0,0.0,-85.78222222222223,9.0,-112.30666666666667,9.0,-198.0888888888889,18.0
392,1362690,24131,1200.0,111.34,-91.8056,25.0,-73.74833333333332,6.0,-111.93057142857143,70.0,-277.48450476190476,101.0
393,1362955,15746,0.0,627.76,0.0,0.0,-105.27888888888889,9.0,0.0,0.0,-105.27888888888889,9.0
394,1363159,11029,10.0,0.0,-10.0,1.0,0.0,0.0,-44.778604651162794,43.0,-54.778604651162794,44.0
395,1363077,0,0.0,0.0,0.0,0.0,0.0,0.0,0.0,0.0,0.0,0.0
396,1362547,30413,952.52,0.0,-143.39870370370375,54.0,0.0,0.0,0.0,0.0,-143.39870370370375,54.0
397,1362669,0,0.0,1693.81,0.0,0.0,-128.53333333333333,6.0,0.0,0.0,-128.53333333333333,6.0
398,1363016,41317,1223.77,0.0,-286.08857142857147,56.0,0.0,0.0,0.0,0.0,-286.08857142857147,56.0
399,1362934,11074,0.0,0.0,0.0,0.0,0.0,0.0,0.0,0.0,0.0,0.0
400,1363485,19863,1000.0,157.76,-95.38461538461539,13.0,0.0,0.0,0.0,0.0,-95.38461538461539,13.0
401,1363403,37364,1900.0,1590.22,-183.90090909090907,11.0,-170.41500000000002,4.0,-180.10344827586204,58.0,-534.4193573667711,73.0
402,1363342,32700,1600.0,57.96,-178.55603174603172,63.0,-132.45818181818183,22.0,-70.47068493150685,73.0,-381.4848984957204,158.0
403,1362526,43872,1982.36,1145.74,0.0,0.0,-300.4525,4.0,-122.16874999999995,72.0,-422.6212499999999,76.0
404,1363138,13137,914.08,1293.45,-114.70194444444448,36.0,-50.954,5.0,-41.762222222222235,63.0,-207.4181666666667,104.0
405,1362791,7914,157.42,492.11,-138.8792857142857,42.0,-165.40636363636364,11.0,-92.97951612903225,62.0,-397.2651654796816,115.0
406,1362730,12988,3000.0,0.0,-134.79423076923078,26.0,0.0,0.0,-43.49722222222225,72.0,-178.291452991453,98.0
407,1363056,2442,821.42,0.0,-156.26521739130433,23.0,0.0,0.0,0.0,0.0,-156.26521739130433,23.0
408,1363199,0,127.09,251.39,-128.76444444444442,9.0,-215.98666666666668,3.0,-100.66523809523808,21.0,-445.41634920634914,33.0
409,1363117,38736,1112.8,297.36,-201.99666666666664,36.0,0.0,0.0,-66.14209302325582,43.0,-268.1387596899225,79.0
410,1362995,45195,21.66,2978.58,-116.8175,24.0,-242.1638888888889,18.0,-123.99333333333318,69.0,-482.97472222222206,111.0
411,1363382,13497,1000.0,272.05,-68.59159999999999,25.0,-60.06166666666667,6.0,-87.23920634920634,63.0,-215.89247301587298,94.0
412,1362587,8799,859.44,1596.17,-91.64457627118645,59.0,-117.42,6.0,-106.00999999999998,58.0,-315.07457627118646,123.0
413,1362505,7735,0.0,205.68,0.0,0.0,-131.9518181818182,11.0,-43.27462686567166,67.0,-175.22644504748985,78.0
414,1362852,33706,1700.0,0.0,-143.01538461538462,13.0,0.0,0.0,-118.1903947368421,76.0,-261.2057793522267,89.0
415,1362974,12436,271.87,0.0,-129.21615384615384,13.0,0.0,0.0,-35.15685714285715,35.0,-164.373010989011,48.0
416,1363321,33113,1133.39,1009.61,-198.77124999999998,32.0,-250.10000000000002,9.0,-65.58109375000002,64.0,-514.4523437500001,105.0
417,1362770,76891,20.0,0.0,-327.8580555555556,36.0,0.0,0.0,-132.80371794871786,78.0,-460.66177350427347,114.0
418,1362709,5981,496.15,917.33,-112.66749999999999,40.0,-89.8725,8.0,-63.461449275362334,69.0,-266.00144927536235,117.0
419,1362831,111004,5600.0,0.0,-322.5734999999999,20.0,0.0,0.0,-151.37176470588236,17.0,-473.94526470588227,37.0
420,1363178,31220,0.0,0.0,0.0,0.0,0.0,0.0,-63.5524285714286,70.0,-63.5524285714286,70.0
421,1363096,12072,0.0,0.0,0.0,0.0,0.0,0.0,0.0,0.0,0.0,0.0
422,1362566,127848,20.0,0.0,-586.0640625,32.0,0.0,0.0,-592.2318750000002,64.0,-1178.2959375,96.0
423,1363361,26008,462.28,172.8,-150.08656249999999,32.0,-166.8,5.0,-119.87841269841275,63.0,-436.7649751984127,100.0
424,1363035,8262,0.0,756.72,0.0,0.0,0.0,0.0,-43.852753623188434,69.0,-43.852753623188434,69.0
425,1362484,10053,369.72,2122.17,-116.89051282051284,39.0,-257.3425,4.0,-71.08166666666666,72.0,-445.3146794871795,115.0
426,1362688,23896,0.0,0.0,0.0,0.0,0.0,0.0,0.0,0.0,0.0,0.0
427,1363422,42532,20.0,14.34,-155.178,15.0,-217.3411111111111,9.0,0.0,0.0,-372.5191111111111,24.0
428,1363157,72194,0.0,0.0,0.0,0.0,0.0,0.0,-370.80872727272725,55.0,-370.80872727272725,55.0
429,1363218,21646,1100.0,0.0,-111.03868852459017,61.0,0.0,0.0,-102.34465517241382,58.0,-213.383343697004,119.0
430,1362749,17412,3000.0,136.05,-112.92406250000002,32.0,-57.202,5.0,-109.09907407407408,54.0,-279.2251365740741,91.0
431,1362810,0,332.95,731.5,-128.47676470588237,34.0,-103.2425,4.0,-76.08553571428571,56.0,-307.8048004201681,94.0
432,1363014,15399,0.0,174.61,0.0,0.0,0.0,0.0,0.0,0.0,0.0,0.0
433,1363075,12560,397.19,0.0,-111.46761904761905,42.0,0.0,0.0,0.0,0.0,-111.46761904761905,42.0
434,1363483,9271,1000.0,0.0,-120.4892727272727,55.0,0.0,0.0,-31.745555555555566,72.0,-152.23482828282826,127.0
435,1362932,18387,0.0,523.84,0.0,0.0,-123.88692307692307,13.0,-72.35448275862073,58.0,-196.2414058355438,71.0
436,1362606,36586,1232.96,0.0,-230.0542553191489,47.0,0.0,0.0,-193.95654545454542,55.0,-424.0108007736943,102.0
437,1363401,9999,0.0,0.0,0.0,0.0,0.0,0.0,0.0,0.0,0.0,0.0
438,1363340,0,0.0,0.0,0.0,0.0,0.0,0.0,0.0,0.0,0.0,0.0
439,1362524,0,0.0,619.05,0.0,0.0,-55.292500000000004,8.0,0.0,0.0,-55.292500000000004,8.0
440,1362728,32065,0.0,0.0,0.0,0.0,0.0,0.0,0.0,0.0,0.0,0.0
441,1362993,20702,0.0,435.7,0.0,0.0,-101.70727272727275,11.0,-109.06792452830186,53.0,-210.7751972555746,64.0
442,1363197,19088,645.09,347.2,-112.12857142857139,35.0,-140.62,3.0,-87.00583333333334,60.0,-339.7544047619047,98.0
443,1363258,9005,0.0,845.68,0.0,0.0,-115.35,8.0,-37.28099999999999,30.0,-152.63099999999997,38.0
444,1363462,9495,3000.0,2034.99,-101.40499999999999,24.0,-122.96,3.0,-10.0,12.0,-234.36499999999998,39.0
445,1362503,5787,0.0,0.0,0.0,0.0,0.0,0.0,-68.51966666666671,60.0,-68.51966666666671,60.0
446,1362585,28093,0.0,0.0,0.0,0.0,0.0,0.0,-70.9676923076923,65.0,-70.9676923076923,65.0
447,1362972,59047,711.32,680.94,-408.197,10.0,-214.084,5.0,0.0,0.0,-622.281,15.0
448,1363054,9738,917.3,0.0,-117.65476190476188,42.0,0.0,0.0,-100.12177419354838,62.0,-217.77653609831026,104.0
449,1363441,7169,32.33,581.29,-107.97,32.0,-122.78375,8.0,-30.659076923076938,65.0,-261.4128269230769,105.0
450,1362850,8961,37.88,120.25,-123.32444444444442,9.0,0.0,0.0,-73.03612903225807,31.0,-196.36057347670248,40.0
451,1363237,57224,0.0,756.74,0.0,0.0,0.0,0.0,-256.8566666666667,57.0,-256.8566666666667,57.0
452,1362911,43737,67.61,0.0,-206.2916216216216,37.0,0.0,0.0,-90.24157142857139,70.0,-296.533193050193,107.0
453,1362829,49553,2033.41,2510.16,-286.0351851851852,27.0,-317.47555555555556,9.0,-87.32075757575751,66.0,-690.8314983164983,102.0
454,1363176,2772,0.0,128.07,0.0,0.0,-54.86181818181819,11.0,0.0,0.0,-54.86181818181819,11.0
455,1363298,56296,0.0,0.0,0.0,0.0,0.0,0.0,-268.5162686567163,67.0,-268.5162686567163,67.0
456,1362768,0,0.0,0.0,0.0,0.0,0.0,0.0,-10.0,12.0,-10.0,12.0
457,1363094,11244,0.0,0.0,0.0,0.0,0.0,0.0,0.0,0.0,0.0,0.0
458,1362564,14357,0.0,0.0,0.0,0.0,0.0,0.0,0.0,0.0,0.0,0.0
459,1362686,19019,99.9,162.53,-77.14285714285714,7.0,-121.71,5.0,-47.573166666666665,60.0,-246.42602380952383,72.0
460,1362625,30165,735.29,0.0,-151.65499999999997,28.0,0.0,0.0,-65.66384615384615,13.0,-217.31884615384612,41.0
461,1362951,24090,0.0,0.0,0.0,0.0,0.0,0.0,0.0,0.0,0.0,0.0
462,1362890,0,0.0,104.78,0.0,0.0,0.0,0.0,0.0,0.0,0.0,0.0
463,1363420,22369,1011.2,0.0,-118.16719999999998,25.0,0.0,0.0,-82.25321428571428,56.0,-200.42041428571426,81.0
464,1363216,13241,1000.0,105.54,-71.90272727272726,22.0,-158.9923076923077,13.0,-62.08183098591551,71.0,-292.97686595095047,106.0
465,1362543,77322,0.0,0.0,0.0,0.0,0.0,0.0,0.0,0.0,0.0,0.0
466,1363012,77893,0.0,481.77,0.0,0.0,0.0,0.0,-172.02725806451608,62.0,-172.02725806451608,62.0
467,1362808,31387,1600.0,0.0,-228.57142857142858,7.0,0.0,0.0,-164.92508474576272,59.0,-393.49651331719133,66.0
468,1363481,7642,0.0,1606.92,0.0,0.0,-64.51,5.0,-36.82853333333335,75.0,-101.33853333333334,80.0
469,1362665,0,0.0,2144.37,0.0,0.0,-105.94909090909091,11.0,0.0,0.0,-105.94909090909091,11.0
470,1362604,28204,0.0,233.76,0.0,0.0,-121.81000000000002,14.0,0.0,0.0,-121.81000000000002,14.0
471,1363134,19645,0.0,0.0,0.0,0.0,0.0,0.0,-13.401333333333335,15.0,-13.401333333333335,15.0
472,1363073,11821,0.0,0.0,0.0,0.0,0.0,0.0,-117.3459649122807,57.0,-117.3459649122807,57.0
473,1363399,1591,0.0,0.0,0.0,0.0,0.0,0.0,-49.185,68.0,-49.185,68.0
474,1363338,0,0.0,675.18,0.0,0.0,-271.68,3.0,0.0,0.0,-271.68,3.0
475,1362991,21657,1343.81,369.81,-143.23956521739132,46.0,-35.075714285714284,7.0,-47.00218750000003,64.0,-225.31746700310566,117.0
476,1362930,0,0.0,800.42,0.0,0.0,-145.36599999999999,5.0,0.0,0.0,-145.36599999999999,5.0
477,1362787,0,0.0,0.0,0.0,0.0,0.0,0.0,0.0,0.0,0.0,0.0
478,1362726,14141,918.66,0.0,-103.4389655172414,29.0,0.0,0.0,-38.56756756756761,74.0,-142.006533084809,103.0
479,1363256,90592,0.0,0.0,0.0,0.0,0.0,0.0,0.0,0.0,0.0,0.0
480,1363195,0,1000.0,764.77,-94.88571428571429,14.0,-80.49666666666667,3.0,-47.98741935483873,62.0,-223.3698003072197,79.0
481,1362848,0,0.0,4844.42,0.0,0.0,-248.89499999999998,4.0,0.0,0.0,-248.89499999999998,4.0
482,1363317,18176,307.6,186.53,-118.64818181818183,22.0,0.0,0.0,-50.957142857142856,42.0,-169.60532467532468,64.0
483,1362644,3371,463.65,132.42,-165.2222222222222,9.0,0.0,0.0,-63.59304347826088,23.0,-228.81526570048308,32.0
484,1362909,98566,54.09,1149.38,0.0,0.0,0.0,0.0,0.0,0.0,0.0,0.0
485,1363113,30163,660.4,1241.78,-132.1814285714286,14.0,0.0,0.0,0.0,0.0,-132.1814285714286,14.0
486,1363378,31732,0.0,0.0,0.0,0.0,0.0,0.0,0.0,0.0,0.0,0.0
487,1362705,27635,413.11,1415.16,-143.39074999999997,40.0,-257.92333333333335,9.0,-152.2826315789474,57.0,-553.5967149122807,106.0
488,1363174,21384,0.0,0.0,0.0,0.0,0.0,0.0,0.0,0.0,0.0,0.0
489,1362501,65347,47.2,0.0,0.0,0.0,0.0,0.0,-89.9229824561403,57.0,-89.9229824561403,57.0
490,1362766,102286,20.0,22432.78,-493.8153333333332,30.0,-374.47736842105263,19.0,-325.15264705882373,68.0,-1193.4453488132094,117.0
491,1362970,30276,0.0,278.07,0.0,0.0,0.0,0.0,-59.768,25.0,-59.768,25.0
492,1363235,25827,0.0,0.0,0.0,0.0,0.0,0.0,-97.98784615384609,65.0,-97.98784615384609,65.0
493,1363439,4184,0.0,0.0,0.0,0.0,0.0,0.0,0.0,0.0,0.0,0.0
494,1363031,52542,0.0,0.0,0.0,0.0,0.0,0.0,-159.19241935483868,62.0,-159.19241935483868,62.0
495,1362562,63532,9500.0,3864.77,-421.95374999999996,24.0,-228.21599999999998,10.0,-315.96384615384613,52.0,-966.133596153846,86.0
496,1362623,15554,0.0,140.14,0.0,0.0,-0.75,2.0,-38.36342857142857,35.0,-39.11342857142857,37.0
497,1362827,6228,0.0,306.35,0.0,0.0,-145.76105263157896,19.0,-112.06150000000002,60.0,-257.822552631579,79.0
498,1362888,56266,6454.87,0.0,-333.9690109890111,91.0,0.0,0.0,-196.32033333333322,60.0,-530.2893443223443,151.0
499,1363296,7302,1001.67,2505.34,-118.86395061728395,81.0,-152.45,5.0,-110.69290909090914,55.0,-382.0068597081931,141.0
500,1363357,19041,0.0,0.0,0.0,0.0,0.0,0.0,0.0,0.0,0.0,0.0
501,1363092,6809,0.0,397.29,0.0,0.0,-114.49999999999999,6.0,-51.8313043478261,69.0,-166.3313043478261,75.0
502,1362480,50890,20.0,1187.97,-191.3211764705882,17.0,-358.21,4.0,-102.5669565217391,69.0,-652.0981329923274,90.0
503,1363153,0,0.0,0.0,0.0,0.0,0.0,0.0,0.0,0.0,0.0,0.0
504,1362745,11410,0.0,0.0,0.0,0.0,0.0,0.0,0.0,0.0,0.0,0.0
505,1362949,0,3000.0,389.24,-101.1951724137931,29.0,-143.04,10.0,-97.96218181818182,55.0,-342.19735423197494,94.0
506,1363214,8345,0.0,0.0,0.0,0.0,0.0,0.0,-109.65885245901639,61.0,-109.65885245901639,61.0
507,1362541,22362,2093.96,0.0,-132.6315789473684,19.0,0.0,0.0,0.0,0.0,-132.6315789473684,19.0
508,1363479,32728,0.0,0.0,0.0,0.0,0.0,0.0,0.0,0.0,0.0,0.0
509,1363010,4424,648.51,883.63,-95.63299999999998,30.0,-129.88,2.0,-40.63333333333336,69.0,-266.14633333333336,101.0
510,1362602,31496,1661.44,2735.3,-189.98672727272728,55.0,-155.33599999999998,10.0,-51.47285714285716,70.0,-396.7955844155844,135.0
511,1362806,39382,1541.64,284.58,-187.27800000000005,55.0,-172.31437499999996,16.0,-114.80464788732381,71.0,-474.3970228873238,142.0
512,1363071,1565,298.42,1083.77,-84.30531249999996,32.0,-156.32333333333332,12.0,-102.15412698412698,63.0,-342.7827728174602,107.0
513,1363275,17773,805.19,0.0,-121.01043478260867,46.0,0.0,0.0,-42.324428571428584,70.0,-163.33486335403725,116.0
514,1363336,33905,0.0,126.05,0.0,0.0,-162.28142857142856,14.0,-183.56678571428566,56.0,-345.8482142857142,70.0
515,1362663,29030,4400.0,0.0,-145.6430555555556,36.0,0.0,0.0,-57.065833333333345,72.0,-202.70888888888896,108.0
516,1362928,20691,596.11,0.0,-122.05136363636363,66.0,0.0,0.0,-57.18701492537314,67.0,-179.23837856173677,133.0
517,1362520,58377,20.0,0.0,-283.9341379310345,29.0,0.0,0.0,-111.1242647058823,68.0,-395.0584026369168,97.0
518,1363193,30989,1442.0,598.57,-180.7652,25.0,-172.172,5.0,-180.4508,25.0,-533.3879999999999,55.0
519,1363458,22025,596.63,160.66,-139.61884615384614,26.0,-91.86111111111111,9.0,-59.256769230769244,65.0,-290.7367264957265,100.0
520,1362785,43582,0.0,337.9,0.0,0.0,-200.29199999999997,5.0,0.0,0.0,-200.29199999999997,5.0
521,1363254,13317,31.04,2019.49,-121.75108108108111,37.0,0.0,0.0,-51.951818181818204,66.0,-173.7028992628993,103.0
522,1362642,6909,1000.0,91.21,-107.45574074074074,54.0,-90.86299999999999,10.0,-39.02836065573772,61.0,-237.34710139647845,125.0
523,1362703,26886,947.81,7144.39,-160.74761904761903,42.0,-157.73000000000002,11.0,-152.59838235294114,68.0,-471.0760014005602,121.0
524,1363376,23883,0.0,1345.44,0.0,0.0,-260.52666666666664,9.0,0.0,0.0,-260.52666666666664,9.0
525,1363172,93060,0.0,0.0,0.0,0.0,0.0,0.0,0.0,0.0,0.0,0.0
526,1362499,37180,1900.0,0.0,-146.77526315789473,19.0,0.0,0.0,0.0,0.0,-146.77526315789473,19.0
527,1362968,17110,0.0,510.19,0.0,0.0,-134.70714285714286,7.0,-55.055277777777825,72.0,-189.7624206349207,79.0
528,1362764,25973,0.0,0.0,0.0,0.0,0.0,0.0,-50.50339285714286,56.0,-50.50339285714286,56.0
529,1362825,10234,1000.0,50.77,-63.57294117647058,17.0,-74.96166666666666,12.0,-148.07499999999996,50.0,-286.60960784313716,79.0
530,1363233,37438,0.0,161.69,0.0,0.0,-163.04142857142855,7.0,-193.6212962962963,54.0,-356.6627248677248,61.0
531,1363294,29536,3157.9,763.8,-175.4388888888889,18.0,0.0,0.0,0.0,0.0,-175.4388888888889,18.0
532,1363029,0,0.0,304.93,0.0,0.0,-104.58999999999999,5.0,0.0,0.0,-104.58999999999999,5.0
533,1362682,29040,0.0,243.79,0.0,0.0,0.0,0.0,-129.40972972972972,37.0,-129.40972972972972,37.0
534,1362621,3303,1000.0,1498.4,-193.93714285714285,7.0,-108.31,2.0,-95.40714285714287,49.0,-397.6542857142857,58.0
535,1363416,14769,0.0,0.0,0.0,0.0,0.0,0.0,-39.03183098591551,71.0,-39.03183098591551,71.0
536,1363090,0,0.0,158.73,0.0,0.0,0.0,0.0,-34.97809523809524,21.0,-34.97809523809524,21.0
537,1363008,35117,10.0,9341.84,-148.23380952380953,21.0,0.0,0.0,-210.2191304347826,46.0,-358.45293995859214,67.0
538,1363355,13087,291.58,2229.96,-106.323,30.0,-78.39333333333333,6.0,0.0,0.0,-184.71633333333332,36.0
539,1363130,16238,80.56,68.7,-117.16983050847459,59.0,-134.79125,8.0,-43.938064516129046,62.0,-295.8991450246036,129.0
540,1362947,8048,1000.0,0.0,-128.1977777777778,9.0,0.0,0.0,0.0,0.0,-128.1977777777778,9.0
541,1362722,44196,1469.22,261.18,-279.4158333333333,24.0,0.0,0.0,-249.23288135593228,59.0,-528.6487146892656,83.0
542,1362743,11946,3000.0,2885.15,-95.04365384615382,52.0,-177.93571428571428,7.0,-99.76872340425528,47.0,-372.7480915361234,106.0
543,1363456,0,0.0,0.0,0.0,0.0,0.0,0.0,-29.223333333333336,42.0,-29.223333333333336,42.0
544,1363212,9050,3000.0,0.0,-120.78269230769232,26.0,0.0,0.0,-41.15728571428572,70.0,-161.93997802197805,96.0
545,1362579,17401,1050.0,0.0,-98.72727272727273,55.0,0.0,0.0,-60.62516129032259,62.0,-159.35243401759533,117.0
546,1362804,68039,682.34,450.37,-362.2965714285713,35.0,-316.67,4.0,-293.8071186440677,59.0,-972.773690072639,98.0
547,1362844,0,584.13,1493.41,-134.59690476190474,42.0,-82.10333333333334,6.0,-62.003529411764745,68.0,-278.70376750700285,116.0
548,1363069,11600,0.0,0.0,0.0,0.0,0.0,0.0,0.0,0.0,0.0,0.0
549,1363313,19639,11.12,0.0,-112.20909090909093,11.0,0.0,0.0,-48.973478260869605,69.0,-161.18256916996054,80.0
550,1363334,0,0.0,478.96,0.0,0.0,-142.01444444444442,9.0,-53.41100000000003,60.0,-195.42544444444445,69.0
551,1362701,38917,0.0,1805.16,0.0,0.0,-189.1985714285714,7.0,-70.07111111111114,27.0,-259.26968253968255,34.0
552,1362661,19649,1000.0,2226.62,-113.39951219512193,41.0,-200.15666666666667,9.0,0.0,0.0,-313.55617886178857,50.0
553,1363170,0,904.09,0.0,-123.51317073170729,41.0,0.0,0.0,-96.84428571428573,56.0,-220.35745644599302,97.0
554,1362926,6479,1000.0,1230.28,-116.3545714285714,35.0,-180.3542857142857,7.0,-114.33864406779662,59.0,-411.04750121065376,101.0
555,1363435,12307,643.34,0.0,-120.48060606060608,33.0,0.0,0.0,-105.51250000000003,60.0,-225.99310606060612,93.0
556,1363395,14011,730.0,136.18,-103.6842105263158,19.0,0.0,0.0,-57.90693548387096,62.0,-161.59114601018675,81.0
557,1362558,0,0.0,0.0,0.0,0.0,0.0,0.0,0.0,0.0,0.0,0.0
558,1363191,26112,0.0,0.0,0.0,0.0,0.0,0.0,-35.02019607843139,51.0,-35.02019607843139,51.0
559,1362823,43381,98.04,491.88,-215.0288888888889,9.0,-342.34999999999997,3.0,-51.442972972972974,37.0,-608.8218618618619,49.0
560,1362783,16168,0.0,699.58,0.0,0.0,-101.525,4.0,-53.99507936507938,63.0,-155.52007936507937,67.0
561,1362680,8282,1000.0,0.0,-98.5865,20.0,0.0,0.0,-46.74521739130437,69.0,-145.33171739130438,89.0
562,1363252,0,1000.0,181.99,-65.25947368421052,19.0,0.0,0.0,-54.29078125000002,64.0,-119.55025493421054,83.0
563,1362741,7534,0.0,0.0,0.0,0.0,0.0,0.0,0.0,0.0,0.0,0.0
564,1363048,43408,0.0,0.0,0.0,0.0,0.0,0.0,-109.8662857142856,70.0,-109.8662857142856,70.0
565,1362537,0,0.0,1603.69,0.0,0.0,-40.144999999999996,6.0,0.0,0.0,-40.144999999999996,6.0
566,1362640,3726,751.28,1698.93,-123.2456862745098,51.0,-87.11222222222221,9.0,0.0,0.0,-210.35790849673202,60.0
567,1363006,4366,1628.72,245.66,-129.82875,24.0,0.0,0.0,-100.68596491228071,57.0,-230.51471491228074,81.0
568,1363109,8997,0.0,0.0,0.0,0.0,0.0,0.0,-53.665753424657545,73.0,-53.665753424657545,73.0
569,1363475,24815,727.2,0.0,-131.3952941176471,34.0,0.0,0.0,-56.31914285714287,70.0,-187.71443697478998,104.0
570,1362905,11613,915.75,688.98,-154.11714285714288,7.0,-55.865,6.0,-79.66593220338981,59.0,-289.64807506053273,72.0
571,1362598,49437,20.0,0.0,-20.0,1.0,0.0,0.0,-232.4643137254902,51.0,-252.4643137254902,52.0
572,1363374,6132,0.0,601.14,0.0,0.0,0.0,0.0,-16.433809523809522,21.0,-16.433809523809522,21.0
573,1362863,0,0.0,0.0,0.0,0.0,0.0,0.0,0.0,0.0,0.0,0.0
574,1362497,0,0.0,10.86,0.0,0.0,-93.89333333333335,15.0,0.0,0.0,-93.89333333333335,15.0
575,1363332,58217,839.43,0.0,-215.20555555555555,9.0,0.0,0.0,0.0,0.0,-215.20555555555555,9.0
576,1362966,11041,1586.27,124.13,-132.16796610169487,59.0,-79.41142857142857,7.0,-71.00088235294119,68.0,-282.5802770260646,134.0
577,1363128,4187,140.0,2211.69,-105.15666666666665,18.0,0.0,0.0,-118.48538461538462,13.0,-223.64205128205128,31.0
578,1362619,32152,0.0,1133.1,0.0,0.0,0.0,0.0,-148.74491228070173,57.0,-148.74491228070173,57.0
579,1362720,18806,1000.0,1497.85,-147.05882352941174,34.0,-107.60888888888888,9.0,-48.4643055555556,72.0,-303.13201797385625,115.0
580,1363088,28975,739.86,1426.1,-172.832,40.0,-156.0425,8.0,-66.78281250000005,64.0,-395.65731250000005,112.0
581,1362985,11485,1000.0,1967.7,-128.64319999999995,50.0,-84.677,10.0,-64.5669230769231,65.0,-277.88712307692305,125.0
582,1363353,39832,1504.14,1663.95,-245.43452830188673,53.0,-159.60250000000002,8.0,-144.55530303030304,66.0,-549.5923313321898,127.0
583,1363454,8120,1336.4,782.26,-127.80701492537312,67.0,-126.28599999999999,5.0,-111.95280701754382,57.0,-366.0458219429169,129.0
584,1362945,13901,505.56,1804.89,-136.17555555555555,27.0,-103.046,5.0,-52.8894202898551,69.0,-292.1109758454106,101.0
585,1362577,86055,1808.22,0.0,-541.2900000000001,12.0,0.0,0.0,-164.33533333333327,60.0,-705.6253333333334,72.0
586,1363414,25869,202.13,1411.05,-132.86038461538462,26.0,-188.436,5.0,-123.88058823529413,51.0,-445.17697285067874,82.0
587,1363046,9307,0.0,561.55,0.0,0.0,-44.464,5.0,-123.06476190476191,63.0,-167.5287619047619,68.0
588,1363210,19891,889.68,52.26,-122.79586206896553,29.0,-59.1875,4.0,-72.97184615384617,65.0,-254.9552082228117,98.0
589,1363311,54734,2700.0,299.67,-385.7142857142857,7.0,-139.99899999999997,10.0,-271.6535593220339,59.0,-797.3668450363195,76.0
590,1363271,7467,1179.95,678.94,-127.8484375,32.0,-185.33888888888887,9.0,-99.36842857142858,70.0,-412.5557549603175,111.0
591,1362903,29570,1500.0,3704.8,-76.35,20.0,-94.39285714285714,7.0,0.0,0.0,-170.74285714285713,27.0
592,1363067,22721,0.0,288.33,0.0,0.0,0.0,0.0,-45.51117647058827,68.0,-45.51117647058827,68.0
593,1362699,23476,677.69,0.0,-154.50473684210522,38.0,0.0,0.0,-37.87324324324326,74.0,-192.37798008534847,112.0
594,1362659,0,0.0,315.94,0.0,0.0,-99.31272727272727,22.0,0.0,0.0,-99.31272727272727,22.0
595,1363168,94123,0.0,2333.47,0.0,0.0,-420.2742857142857,7.0,-472.9145454545455,66.0,-893.1888311688313,73.0
596,1362924,4804,1000.0,5287.76,-125.30555555555556,18.0,0.0,0.0,-94.46255319148933,47.0,-219.7681087470449,65.0
597,1363433,6576,0.0,0.0,-107.7375,8.0,0.0,0.0,-93.84999999999998,47.0,-201.58749999999998,55.0
598,1363393,0,1000.0,0.0,-94.5945945945946,74.0,0.0,0.0,-45.76444444444446,54.0,-140.35903903903906,128.0
599,1362556,56088,20.0,439.42,-241.5811538461539,26.0,-319.1266666666667,3.0,0.0,0.0,-560.7078205128206,29.0
600,1362516,29417,430.72,0.0,-175.28148148148145,27.0,0.0,0.0,-138.51624999999999,8.0,-313.79773148148143,35.0
601,1363025,0,0.0,3136.9,0.0,0.0,-124.58666666666666,6.0,0.0,0.0,-124.58666666666666,6.0
602,1362781,31013,0.0,2797.34,0.0,0.0,-320.69,2.0,-99.51678571428569,56.0,-420.2067857142857,58.0
603,1363494,26848,0.0,0.0,0.0,0.0,0.0,0.0,0.0,0.0,0.0,0.0
604,1363250,39754,0.0,0.0,0.0,0.0,0.0,0.0,-81.45239999999998,75.0,-81.45239999999998,75.0
605,1363290,0,0.0,2594.47,0.0,0.0,-97.05666666666666,6.0,0.0,0.0,-97.05666666666666,6.0
606,1362638,7008,0.0,0.0,0.0,0.0,0.0,0.0,-54.96352941176472,34.0,-54.96352941176472,34.0
607,1362882,44071,33.52,0.0,0.0,0.0,0.0,0.0,-122.58692307692306,65.0,-122.58692307692306,65.0
608,1363107,20184,89.15,0.0,-85.9825,12.0,0.0,0.0,-33.392105263157895,19.0,-119.37460526315789,31.0
609,1363351,0,0.0,213.81,0.0,0.0,0.0,0.0,0.0,0.0,0.0,0.0
610,1362964,5779,1000.0,119.39,-82.02000000000001,20.0,0.0,0.0,-86.57016949152542,59.0,-168.59016949152544,79.0
611,1363147,20870,202.99,1152.38,-105.82914285714286,35.0,-204.328,10.0,-53.38076923076926,65.0,-363.5379120879121,110.0
612,1362760,43691,0.0,0.0,0.0,0.0,0.0,0.0,-222.16647058823526,34.0,-222.16647058823526,34.0
613,1363208,2701,0.0,1094.05,0.0,0.0,-107.4276923076923,13.0,-45.97449275362322,69.0,-153.40218506131552,82.0
614,1363229,7701,1143.13,536.08,-109.15975609756096,41.0,-55.8675,8.0,0.0,0.0,-165.02725609756095,49.0
615,1363004,19319,505.43,169.81,-123.03319999999998,25.0,0.0,0.0,-57.93928571428574,28.0,-180.9724857142857,53.0
616,1362821,7826,0.0,0.0,0.0,0.0,0.0,0.0,-82.56617647058823,34.0,-82.56617647058823,34.0
617,1362596,0,0.0,259.05,0.0,0.0,-134.62714285714284,7.0,0.0,0.0,-134.62714285714284,7.0
618,1362617,13781,306.84,138.02,-70.16333333333334,9.0,0.0,0.0,-78.96071428571427,28.0,-149.12404761904762,37.0
619,1362861,0,0.0,0.0,0.0,0.0,0.0,0.0,0.0,0.0,0.0,0.0
620,1363086,0,130.9,1196.95,-109.21277777777777,18.0,-32.3,5.0,0.0,0.0,-141.51277777777779,23.0
621,1362718,50980,78.8,1918.23,0.0,0.0,0.0,0.0,0.0,0.0,0.0,0.0
622,1362535,26548,0.0,0.0,0.0,0.0,0.0,0.0,0.0,0.0,0.0,0.0
623,1363187,46712,2300.0,335.7,-169.29833333333332,18.0,0.0,0.0,-104.2039130434782,69.0,-273.5022463768115,87.0
624,1363269,44307,0.0,0.0,0.0,0.0,0.0,0.0,0.0,0.0,0.0,0.0
625,1363452,20926,0.0,1874.79,0.0,0.0,-130.94266666666667,15.0,-62.24847457627121,59.0,-193.19114124293787,74.0
626,1362657,27946,0.0,0.0,0.0,0.0,0.0,0.0,-77.53241935483874,62.0,-77.53241935483874,62.0
627,1363044,15895,523.08,0.0,-131.54294117647058,34.0,0.0,0.0,0.0,0.0,-131.54294117647058,34.0
628,1363126,58749,2900.0,3138.91,-342.8548148148148,27.0,-188.97555555555553,9.0,-300.18745098039216,51.0,-832.0178213507625,87.0
629,1363309,16718,0.0,0.0,0.0,0.0,0.0,0.0,0.0,0.0,0.0,0.0
630,1363391,15744,0.0,0.0,0.0,0.0,0.0,0.0,-41.68808219178085,73.0,-41.68808219178085,73.0
631,1362697,5848,0.0,596.47,0.0,0.0,-97.056,5.0,-84.5039344262295,61.0,-181.55993442622952,66.0
632,1362983,0,0.0,0.0,0.0,0.0,0.0,0.0,0.0,0.0,0.0,0.0
633,1363166,26138,0.0,0.0,0.0,0.0,0.0,0.0,0.0,0.0,0.0,0.0
634,1363248,7154,0.0,0.0,0.0,0.0,0.0,0.0,0.0,0.0,0.0,0.0
635,1362758,11982,0.0,0.0,0.0,0.0,0.0,0.0,-119.71624999999999,56.0,-119.71624999999999,56.0
636,1362636,10250,1000.0,0.0,-105.58624999999999,40.0,0.0,0.0,-77.62140625,64.0,-183.20765625,104.0
637,1363023,31379,0.0,0.0,0.0,0.0,0.0,0.0,0.0,0.0,0.0,0.0
638,1363370,6700,746.6,149.17,-121.74888888888889,27.0,0.0,0.0,0.0,0.0,-121.74888888888889,27.0
639,1363492,142274,6869.0,1116.1,-642.432,15.0,-596.042,5.0,-184.42652777777775,72.0,-1422.9005277777778,92.0
640,1362962,2858,609.74,0.0,-136.37462962962962,54.0,0.0,0.0,-42.73000000000002,63.0,-179.10462962962964,117.0
641,1362880,0,0.0,551.31,0.0,0.0,-73.19368421052631,19.0,0.0,0.0,-73.19368421052631,19.0
642,1363227,14959,588.15,0.0,-144.5068,25.0,0.0,0.0,-76.15685185185184,54.0,-220.66365185185185,79.0
643,1363349,7617,0.0,0.0,0.0,0.0,0.0,0.0,0.0,0.0,0.0,0.0
644,1363288,41064,1980.9,244.85,-201.28914285714285,35.0,-219.005,12.0,-87.68923076923072,65.0,-507.9833736263736,112.0
645,1362737,43710,6600.0,0.0,-258.8813114754098,61.0,0.0,0.0,-110.02788732394367,71.0,-368.9091987993535,132.0
646,1363084,34791,1700.0,0.0,-154.78153846153845,13.0,0.0,0.0,-174.39811320754717,53.0,-329.1796516690856,66.0
647,1363206,42031,5490.45,0.0,-247.60307692307686,26.0,0.0,0.0,0.0,0.0,-247.60307692307686,26.0
648,1362676,7230,0.0,0.0,0.0,0.0,0.0,0.0,0.0,0.0,0.0,0.0
649,1363471,30015,3229.66,1777.03,-174.95568181818183,44.0,-53.583333333333336,3.0,-63.19114285714287,70.0,-291.73015800865807,117.0
650,1363145,6390,0.0,444.57,0.0,0.0,-115.69333333333333,3.0,-46.968709677419376,62.0,-162.6620430107527,65.0
651,1362594,69205,0.0,6619.84,-311.3377777777777,36.0,-451.05333333333346,12.0,-423.12068965517244,58.0,-1185.5118007662836,106.0
652,1362941,18377,0.0,877.14,0.0,0.0,-157.85727272727271,11.0,-44.88142857142859,70.0,-202.7387012987013,81.0
653,1362859,44592,0.0,0.0,0.0,0.0,0.0,0.0,0.0,0.0,0.0,0.0
654,1363410,28518,0.0,895.56,0.0,0.0,0.0,0.0,-110.62868421052627,38.0,-110.62868421052627,38.0
655,1363328,18466,538.93,1308.55,-138.77555555555554,9.0,-50.769999999999996,2.0,-57.90627906976747,43.0,-247.45183462532302,54.0
656,1363002,40795,2684.46,0.0,-256.27713235294107,136.0,0.0,0.0,-112.07147058823523,68.0,-368.3486029411763,204.0
657,1362920,5781,0.0,739.98,0.0,0.0,0.0,0.0,-66.39153846153846,26.0,-66.39153846153846,26.0
658,1363267,84184,1271.39,1699.39,-183.63636363636363,22.0,-401.57000000000005,4.0,-143.38428571428562,70.0,-728.5906493506493,96.0
659,1362716,36761,0.0,0.0,0.0,0.0,0.0,0.0,0.0,0.0,0.0,0.0
660,1363389,1814,0.0,177.4,0.0,0.0,-146.46,12.0,-77.0442424242424,66.0,-223.50424242424242,78.0
661,1363185,7353,1000.0,0.0,-97.24666666666667,12.0,0.0,0.0,-93.7149206349206,63.0,-190.96158730158726,75.0
662,1362512,15432,1880.46,1194.36,-175.83916666666667,12.0,-127.9475,4.0,-113.15980769230768,52.0,-416.94647435897434,68.0
663,1362777,21746,1868.87,29.46,-130.20207999999997,125.0,-116.38500000000002,18.0,0.0,0.0,-246.58708,143.0
664,1362981,16276,0.0,0.0,0.0,0.0,0.0,0.0,-45.07194029850748,67.0,-45.07194029850748,67.0
665,1362573,40798,0.0,10399.11,0.0,0.0,-288.1976923076923,13.0,-231.66000000000005,63.0,-519.8576923076923,76.0
666,1363450,4859,0.0,1018.62,0.0,0.0,-64.15,5.0,-82.16107692307692,65.0,-146.31107692307694,70.0
667,1363042,0,0.0,0.0,0.0,0.0,0.0,0.0,0.0,0.0,0.0,0.0
668,1362838,21460,0.0,1013.94,0.0,0.0,-103.68666666666668,15.0,0.0,0.0,-103.68666666666668,15.0
669,1362899,43715,0.0,1823.77,0.0,0.0,0.0,0.0,0.0,0.0,0.0,0.0
670,1363307,2684,1199.3,265.35,-102.05057142857146,70.0,-96.78818181818183,11.0,-114.32563636363638,55.0,-313.16438961038966,136.0
671,1363164,24300,1200.0,258.05,-125.67287878787879,66.0,-85.97642857142857,14.0,-46.37250000000003,72.0,-258.0218073593074,152.0
672,1363103,44307,513.06,0.0,-195.83391304347828,23.0,0.0,0.0,-122.05515624999991,64.0,-317.8890692934782,87.0
673,1363490,0,0.0,2301.53,0.0,0.0,0.0,0.0,0.0,0.0,0.0,0.0
674,1362960,57642,8600.0,6273.27,-361.7212,25.0,-347.92272727272723,11.0,0.0,0.0,-709.6439272727273,36.0
675,1362613,7005,1000.0,338.98,-83.98749999999998,20.0,-59.0488888888889,9.0,0.0,0.0,-143.0363888888889,29.0
676,1363429,13058,1739.74,171.9,-173.974,10.0,0.0,0.0,0.0,0.0,-173.974,10.0
677,1363082,36464,907.82,0.0,-208.92315789473685,19.0,0.0,0.0,-141.5867857142857,56.0,-350.50994360902257,75.0
678,1362552,8005,493.17,0.0,-88.19955555555555,45.0,0.0,0.0,-40.995797101449305,69.0,-129.19535265700486,114.0
679,1362878,9848,0.0,0.0,0.0,0.0,0.0,0.0,0.0,0.0,0.0,0.0
680,1362817,8259,1000.0,754.8,-79.2668181818182,22.0,-113.67,9.0,-51.80131147540986,61.0,-244.73812965722806,92.0
681,1363347,0,0.0,512.64,0.0,0.0,-141.96625,8.0,0.0,0.0,-141.96625,8.0
682,1363286,8423,0.0,1289.52,0.0,0.0,-76.36,4.0,-104.77157894736841,57.0,-181.1315789473684,61.0
683,1362939,47267,772.03,1173.89,-290.9741071428571,56.0,-308.78333333333336,15.0,-103.80816666666671,60.0,-703.5656071428572,131.0
684,1362674,0,0.0,8.21,0.0,0.0,-71.74714285714286,7.0,-104.58050847457628,59.0,-176.32765133171915,66.0
685,1362735,16986,3000.0,288.87,-115.3846153846154,26.0,-63.72666666666666,9.0,-100.01540983606556,61.0,-279.1266918873476,96.0
686,1363408,36603,1800.0,1056.1,-143.66631578947369,19.0,-54.21727272727273,11.0,-94.17828571428569,70.0,-292.0618742310321,100.0
687,1363204,23294,1200.0,0.0,-151.4128,25.0,0.0,0.0,0.0,0.0,-151.4128,25.0
688,1362531,44742,2200.0,0.0,-138.51944444444445,18.0,0.0,0.0,-194.74754385964917,57.0,-333.2669883040936,75.0
689,1363469,0,0.0,1701.12,0.0,0.0,-56.696666666666665,9.0,-31.171093750000015,64.0,-87.86776041666668,73.0
690,1362796,18663,0.0,1087.47,0.0,0.0,-130.475,4.0,0.0,0.0,-130.475,4.0
691,1362592,65024,310.1,0.0,-276.5826666666666,15.0,0.0,0.0,-156.10707692307682,65.0,-432.68974358974344,80.0
692,1363265,24843,133.12,900.52,-151.06261904761902,42.0,-71.35799999999999,5.0,-159.84396226415095,53.0,-382.26458131177,100.0
693,1363326,75890,0.0,578.09,0.0,0.0,-0.75,1.0,-184.9434375,32.0,-185.6934375,33.0
694,1362857,8088,357.0,196.62,-116.94800000000001,40.0,-196.19833333333335,6.0,-27.333552631578954,76.0,-340.47988596491234,122.0
695,1362918,17174,1000.0,270.7,-64.56208333333333,24.0,-82.7057142857143,7.0,-54.40196969696972,66.0,-201.66976731601736,97.0
696,1362653,31641,1188.57,0.0,-180.01153846153844,26.0,0.0,0.0,-76.50063492063491,63.0,-256.51217338217333,89.0
697,1363387,4247,1000.0,110.52,-65.78833333333333,18.0,-107.89076923076924,13.0,-82.63702127659576,47.0,-256.3161238406983,78.0
698,1362714,14458,457.29,0.0,-113.63644444444448,45.0,0.0,0.0,0.0,0.0,-113.63644444444448,45.0
699,1363183,46870,0.0,0.0,0.0,0.0,0.0,0.0,-263.6892063492064,63.0,-263.6892063492064,63.0
700,1362510,10800,0.0,0.0,0.0,0.0,0.0,0.0,-95.31589285714286,56.0,-95.31589285714286,56.0
701,1362775,12072,629.25,0.0,-131.02105263157895,19.0,0.0,0.0,0.0,0.0,-131.02105263157895,19.0
702,1362979,12664,0.0,0.0,0.0,0.0,0.0,0.0,-51.766379310344846,58.0,-51.766379310344846,58.0
703,1363244,20218,0.0,0.0,0.0,0.0,0.0,0.0,0.0,0.0,0.0,0.0
704,1363448,27239,1400.0,1763.31,-91.05689655172412,29.0,-165.93099999999998,10.0,-165.07000000000005,57.0,-422.0578965517242,96.0
705,1363040,38803,1900.0,37.27,-242.3090909090909,11.0,-144.91428571428568,7.0,0.0,0.0,-387.22337662337657,18.0
706,1362571,6108,959.28,1741.09,-120.16555555555556,9.0,-132.252,5.0,-41.71928571428573,56.0,-294.1368412698413,70.0
707,1362632,49863,0.0,0.0,0.0,0.0,0.0,0.0,-209.90666666666667,63.0,-209.90666666666667,63.0
708,1362836,5920,1000.0,1009.19,-80.71958333333335,24.0,-105.68294117647059,17.0,-45.35426229508199,61.0,-231.7567868048859,102.0
709,1362897,0,0.0,0.0,0.0,0.0,0.0,0.0,-44.42718750000002,64.0,-44.42718750000002,64.0
710,1363305,23731,0.0,0.0,0.0,0.0,0.0,0.0,-63.6702985074627,67.0,-63.6702985074627,67.0
711,1363366,62234,0.0,7471.81,0.0,0.0,-359.29538461538453,13.0,0.0,0.0,-359.29538461538453,13.0
712,1363101,52903,2054.32,6015.58,-274.5007894736843,38.0,-0.75,4.0,0.0,0.0,-275.2507894736843,42.0
713,1362489,55888,20.0,373.65,-244.0684,25.0,-315.6125,4.0,-100.8676119402985,67.0,-660.5485119402986,96.0
714,1362693,2620,1000.0,10.34,-103.8507142857143,14.0,-38.94625,8.0,-82.44620689655173,58.0,-225.24317118226602,80.0
715,1362754,12158,0.0,240.75,-77.52888888888889,9.0,-91.91799999999999,5.0,-87.07474576271187,59.0,-256.5216346516007,73.0
716,1363427,83366,20.0,0.0,-369.8827272727272,11.0,0.0,0.0,-223.70303030303018,66.0,-593.5857575757574,77.0
717,1363223,24368,586.29,2771.42,-166.83592592592592,27.0,-89.94333333333333,6.0,-134.3911475409836,61.0,-391.17040680024286,94.0
718,1362550,0,0.0,487.77,0.0,0.0,-96.71166666666666,6.0,0.0,0.0,-96.71166666666666,6.0
719,1362611,24115,133.87,0.0,-143.6893103448276,29.0,0.0,0.0,-0.75,2.0,-144.4393103448276,31.0
720,1363019,32581,0.0,0.0,0.0,0.0,0.0,0.0,0.0,0.0,0.0,0.0
721,1363080,0,0.0,691.59,0.0,0.0,-160.03,2.0,0.0,0.0,-160.03,2.0
722,1362815,0,1000.0,348.98,-69.67375000000001,16.0,-99.17666666666666,9.0,-103.04421052631578,57.0,-271.89462719298245,82.0
723,1363345,54713,2700.0,0.0,-306.31870967741935,31.0,0.0,0.0,-97.64553846153846,65.0,-403.9642481389578,96.0
724,1363284,36614,965.92,860.93,-191.26074074074074,27.0,-269.014,10.0,-75.62764705882351,68.0,-535.9023877995643,105.0
725,1362937,46461,0.0,0.0,-252.59035714285713,28.0,0.0,0.0,-134.0203389830508,59.0,-386.6106961259079,87.0
726,1362876,15139,0.0,0.0,0.0,0.0,0.0,0.0,0.0,0.0,0.0,0.0
727,1362590,2466,0.0,558.44,0.0,0.0,0.0,0.0,-51.021875,48.0,-51.021875,48.0
728,1362672,16319,226.57,0.0,-52.72846153846154,13.0,0.0,0.0,-42.09760000000003,50.0,-94.82606153846157,63.0
729,1363059,24744,1200.0,0.0,-95.48299999999999,20.0,0.0,0.0,-118.17433333333332,60.0,-213.65733333333333,80.0
730,1363141,18920,0.0,528.57,0.0,0.0,-75.94500000000001,8.0,-41.42921875000001,64.0,-117.37421875000001,72.0
731,1363385,2314,0.0,1720.35,-119.14807692307691,26.0,-92.7825,8.0,0.0,0.0,-211.9305769230769,34.0
732,1362529,43829,433.43,873.14,-149.357619047619,21.0,-353.0633333333333,3.0,-79.25611111111107,72.0,-581.6770634920633,96.0
733,1362508,9802,1072.17,255.11,-126.40225352112678,71.0,-118.88818181818182,11.0,-99.05779661016946,59.0,-344.3482319494781,141.0
734,1362998,0,0.0,0.0,0.0,0.0,0.0,0.0,-61.1627027027027,37.0,-61.1627027027027,37.0
735,1363242,4431,0.0,0.0,0.0,0.0,0.0,0.0,-45.41479452054798,73.0,-45.41479452054798,73.0
736,1363467,29521,1500.0,0.0,-159.56679245283024,53.0,0.0,0.0,-139.49655737704916,61.0,-299.06334982987937,114.0
737,1363038,36605,1800.0,508.26,-149.1825,16.0,-203.40666666666667,12.0,-66.38218181818183,55.0,-418.9713484848485,83.0
738,1363263,13269,1218.94,0.0,-111.66061538461541,65.0,0.0,0.0,0.0,0.0,-111.66061538461541,65.0
739,1362630,15864,962.62,0.0,-137.8937142857143,35.0,0.0,0.0,-140.8564150943396,53.0,-278.7501293800539,88.0
740,1362855,2289,0.0,161.04,0.0,0.0,-76.4125,8.0,-60.91000000000002,56.0,-137.32250000000002,64.0
741,1363099,0,0.0,0.0,0.0,0.0,0.0,0.0,0.0,0.0,0.0,0.0
742,1363324,14795,0.0,0.0,0.0,0.0,0.0,0.0,-91.89115384615387,26.0,-91.89115384615387,26.0
743,1362895,26387,1300.0,96.25,-124.02789473684214,19.0,-74.224,10.0,0.0,0.0,-198.25189473684213,29.0
744,1362569,61300,9200.0,0.0,-340.7407407407408,27.0,0.0,0.0,-127.61492537313431,67.0,-468.35566611387515,94.0
745,1363364,15100,1785.97,0.0,-122.52952380952385,63.0,0.0,0.0,-75.63805555555555,72.0,-198.1675793650794,135.0
746,1363303,17875,1000.0,0.0,-112.91102040816324,49.0,0.0,0.0,-96.12984126984126,63.0,-209.0408616780045,112.0
